split,equity_weight,growth_per_year,volatility,worst_fall,peak,low,fall_1999_2004,fall_2007_2010,fall_2022,within_limit,chosen
40/60,0.400000,0.052924,0.065274,0.169512,2007-10,2009-02,0.128757,0.169512,0.159379,yes,no
45/55,0.450000,0.055223,0.071068,0.200367,2007-10,2009-02,0.165960,0.200367,0.157107,yes,no
50/50,0.500000,0.057738,0.077090,0.229346,2007-10,2009-02,0.204135,0.229346,0.154123,yes,no
55/45,0.550000,0.060246,0.083219,0.257557,2007-10,2009-02,0.240936,0.257557,0.151566,yes,no
60/40,0.600000,0.062777,0.089224,0.283415,2007-10,2009-02,0.276399,0.283415,0.146436,yes,no
65/35,0.650000,0.065518,0.095228,0.309091,2000-08,2003-03,0.309091,0.307344,0.142779,yes,no
70/30,0.700000,0.067605,0.102118,0.346712,2000-08,2003-03,0.346712,0.333741,0.142273,yes,yes
75/25,0.750000,0.069082,0.109907,0.377864,2000-08,2003-03,0.377864,0.364637,0.139755,no,no
80/20,0.800000,0.071717,0.115885,0.405009,2000-08,2003-03,0.405009,0.386055,0.138970,no,no
85/15,0.850000,0.074697,0.122958,0.430142,2000-08,2003-03,0.430142,0.405813,0.136954,no,no
90/10,0.900000,0.075566,0.130746,0.469336,2000-08,2003-03,0.469336,0.431448,0.134677,no,no
95/5,0.950000,0.076751,0.137168,0.493272,2000-08,2003-03,0.493272,0.455295,0.133595,no,no
100/0,1.000000,0.078212,0.143591,0.516226,2000-08,2003-03,0.516226,0.478824,0.132910,no,no
