month,years,paid_in,p05,p25,p50,p75,p95
0,0,100,100,100,100,100,100
1,0.0833,100,94.7553,99.0031,100.7298,102.3268,104.9213
2,0.1667,105,97.7424,104.0942,106.5534,108.695,112.8811
3,0.25,110,101.0294,108.981,112.8649,115.3128,120.6263
4,0.3333,115,103.73,113.913,118.8366,121.503,127.5297
5,0.4167,120,108.8399,119.1308,124.7238,128.2571,135.3259
6,0.5,125,111.8647,124.0656,130.5415,134.8449,141.2607
7,0.5833,130,116.5676,129.1202,136.5517,141.6108,147.8179
8,0.6667,135,120.2937,135.4149,142.3009,148.233,155.7306
9,0.75,140,122.8261,140.4713,147.8675,154.9997,163.0453
10,0.8333,145,126.9501,144.9936,153.327,161.5299,170.9947
11,0.9167,150,131.7972,151.3421,159.7306,168.4674,179.9048
12,1,155,134.8353,156.8579,165.8085,175.3529,186.5843
13,1.0833,160,139.2157,161.6184,172.184,181.8407,194.7218
14,1.1667,165,144.2327,166.4395,178.2497,188.6158,202.4268
15,1.25,170,148.9485,171.3245,184.479,195.5814,210.1764
16,1.3333,175,153.8376,176.2899,190.6352,202.556,218.0153
17,1.4167,180,158.8607,181.6896,196.7494,209.3257,226.0883
18,1.5,185,163.5169,186.8773,202.8911,216.1766,234.1017
19,1.5833,190,168.0581,192.2826,209.3739,223.1939,241.7474
20,1.6667,195,171.9439,197.4545,215.6294,230.4964,249.9658
21,1.75,200,176.534,203.1035,221.8087,237.8111,258.5691
22,1.8333,205,180.1658,208.306,228.0406,245.2801,267.1184
23,1.9167,210,183.3084,213.8104,234.3909,252.3861,276.2227
24,2,215,187.2512,220.0125,241.1688,259.8104,285.2398
25,2.0833,220,193.074,225.5831,246.9997,266.9381,293.408
26,2.1667,225,198.2191,231.3166,253.386,273.7729,302.2201
27,2.25,230,202.7567,236.7644,259.8078,281.186,310.603
28,2.3333,235,207.6681,242.5528,266.3814,288.8104,319.7046
29,2.4167,240,211.6705,248.1198,272.7474,296.2506,327.776
30,2.5,245,217.1612,253.7775,279.2791,303.9257,336.5647
31,2.5833,250,222.1358,259.2866,285.7827,311.5476,344.9658
32,2.6667,255,227.0418,264.7883,292.5013,319.7473,354.2808
33,2.75,260,231.7334,270.6337,299.4206,327.2258,364.0673
34,2.8333,265,235.2149,275.8376,306.3095,335.2584,373.1894
35,2.9167,270,238.9982,281.5942,313.0341,343.1745,383.2656
36,3,275,243.1158,287.3892,320.2113,351.0783,392.6675
37,3.0833,280,249.0379,293.3582,326.6274,358.1041,402.7333
38,3.1667,285,253.9615,299.2356,333.2994,366.2385,413.1014
39,3.25,290,258.705,305.6743,340.2074,373.9909,422.1496
40,3.3333,295,263.7082,311.0901,347.017,381.8787,432.0636
41,3.4167,300,268.5298,317.3247,353.613,390.2745,441.2567
42,3.5,305,273.0806,323.9235,360.4727,397.7574,451.5101
43,3.5833,310,278.1754,330.1119,367.4586,406.648,460.7056
44,3.6667,315,282.3959,336.1113,374.7665,414.943,470.2624
45,3.75,320,285.573,342.0176,381.3305,423.0433,482.3044
46,3.8333,325,290.2095,347.5531,389.0454,432.5542,493.1972
47,3.9167,330,294.1393,353.2724,396.6928,440.9127,502.8196
48,4,335,297.1159,359.5315,403.518,449.3195,513.4337
49,4.0833,340,302.4351,365.5887,410.7057,458.2561,523.8695
50,4.1667,345,308.3342,371.3645,417.9294,465.6982,534.0933
51,4.25,350,313.1133,378.2309,425.7524,474.7975,542.5247
52,4.3333,355,318.7402,384.9421,433.4568,483.5861,553.8416
53,4.4167,360,323.8124,391.0795,440.6522,492.0371,565.9511
54,4.5,365,328.4104,397.9142,448.3771,500.5056,574.9544
55,4.5833,370,334.3191,403.4394,455.981,509.7353,585.0584
56,4.6667,375,338.208,410.2611,464.0964,518.248,597.3955
57,4.75,380,342.6037,416.2564,471.2246,527.7508,608.4398
58,4.8333,385,346.915,422.6122,479.0438,536.5839,621.6207
59,4.9167,390,350.266,428.6235,486.1878,546.4436,632.4988
60,5,395,355.4784,435.7819,495.4816,554.914,644.386
61,5.0833,400,361.5346,442.668,502.4672,563.4877,657.3215
62,5.1667,405,366.8133,448.7666,511.342,572.5546,668.0953
63,5.25,410,372.4055,455.7002,517.589,582.1334,678.1461
64,5.3333,415,378.4765,462.2985,525.2132,591.3509,690.3639
65,5.4167,420,383.8411,468.6655,533.0309,600.0704,701.4957
66,5.5,425,388.7836,475.559,541.0519,611.1525,715.9516
67,5.5833,430,396.0163,482.8386,550.3458,621.2385,727.2181
68,5.6667,435,400.6726,489.3126,558.08,630.8031,739.6753
69,5.75,440,404.5209,495.8749,565.6431,640.4744,751.6328
70,5.8333,445,410.6042,501.8792,573.2813,650.3885,765.8809
71,5.9167,450,414.4757,509.0213,580.8989,660.7839,778.6923
72,6,455,418.0207,515.7316,589.6077,669.1315,791.8836
73,6.0833,460,423.284,522.4082,597.3082,678.7456,803.8859
74,6.1667,465,429.394,529.4026,605.9276,690.205,816.3944
75,6.25,470,434.6786,535.5135,615.3824,698.6919,828.7026
76,6.3333,475,440.2551,542.6643,623.3601,709.0929,840.4445
77,6.4167,480,445.8871,550.1509,631.4022,719.2793,856.6629
78,6.5,485,450.9104,557.9375,639.039,730.9437,870.1323
79,6.5833,490,456.8159,564.4454,648.1212,740.521,881.1504
80,6.6667,495,462.377,571.8634,656.7638,750.8476,895.0653
81,6.75,500,466.9278,577.1413,666.0348,761.7814,910.6913
82,6.8333,505,471.6492,585.3628,675.1888,774.1378,925.2615
83,6.9167,510,475.353,592.7046,683.1451,785.0352,942.5208
84,7,515,481.3181,600.1624,692.8741,798.4556,954.4834
85,7.0833,520,486.6338,607.194,700.3386,809.3631,968.8111
86,7.1667,525,491.864,614.6862,710.311,820.5487,981.1728
87,7.25,530,497.6825,621.8546,718.9532,831.3809,994.6269
88,7.3333,535,504.6914,630.8451,728.9778,842.506,1006.7837
89,7.4167,540,510.3988,636.4717,736.7574,853.5817,1024.4512
90,7.5,545,514.2886,644.5435,746.6579,864.918,1037.4444
91,7.5833,550,522.4321,651.073,755.0797,875.7795,1052.901
92,7.6667,555,527.8771,658.7632,765.6312,885.5497,1065.0664
93,7.75,560,532.7721,666.0733,775.0069,897.2201,1082.02
94,7.8333,565,536.5383,672.6922,783.6246,908.8344,1104.031
95,7.9167,570,541.3547,679.8545,793.4538,921.3915,1120.7887
96,8,575,545.567,688.6147,803.2009,933.6335,1134.5246
97,8.0833,580,551.5338,695.4418,811.5031,943.996,1150.4056
98,8.1667,585,557.3558,704.4126,820.6453,954.063,1167.4703
99,8.25,590,563.2701,713.4997,828.8397,968.2014,1181.1164
100,8.3333,595,568.2635,719.6069,840.0469,977.989,1195.2583
101,8.4167,600,573.0493,725.8408,849.4708,989.4293,1212.8567
102,8.5,605,581.6804,734.3924,859.755,1000.5299,1226.8443
103,8.5833,610,587.1877,741.1746,869.233,1013.5749,1244.9756
104,8.6667,615,593.3777,750.5983,879.3023,1027.1544,1261.7273
105,8.75,620,599.3345,757.459,888.9203,1038.3042,1274.9212
106,8.8333,625,603.3423,763.6821,898.7808,1050.9333,1296.0038
107,8.9167,630,607.7804,771.3578,908.7011,1064.4731,1314.2403
108,9,635,611.3765,780.5578,917.746,1076.5415,1336.0719
109,9.0833,640,617.8339,788.0116,928.2299,1091.6809,1352.6669
110,9.1667,645,625.1623,795.7406,938.3591,1104.5001,1366.9925
111,9.25,650,630.2246,805.893,949.1097,1116.2216,1387.8828
112,9.3333,655,636.4814,814.2,960.1976,1128.4895,1406.1496
113,9.4167,660,641.4478,823.0417,972.0155,1142.4607,1420.5944
114,9.5,665,645.9576,830.9217,982.0295,1154.5409,1436.4597
115,9.5833,670,652.1464,839.7824,990.6204,1167.6246,1453.3145
116,9.6667,675,656.5149,847.0261,1001.8841,1181.976,1472.5925
117,9.75,680,661.6721,855.5807,1012.993,1194.2185,1487.9524
118,9.8333,685,669.3604,863.9785,1025.5181,1208.5972,1508.5104
119,9.9167,690,671.6087,870.9988,1035.0864,1223.759,1526.1534
120,10,695,677.9307,879.9661,1046.6482,1239.7194,1548.3033
