horizon_years,block_months,paths,split,equity_weight,worst_fall_one_path,median_worst_fall,p95_worst_fall,share_above_35,share_above_40
10,12,10000,40/60,0.4,0.169512,0.122701,0.224456,0.0013,0.0002
10,12,10000,45/55,0.45,0.200367,0.137998,0.246854,0.0033,0.0006
10,12,10000,50/50,0.5,0.229346,0.15266,0.274912,0.0089,0.0021
10,12,10000,55/45,0.55,0.257557,0.170066,0.304702,0.0203,0.0061
10,12,10000,60/40,0.6,0.283415,0.188948,0.336784,0.0385,0.015
10,12,10000,65/35,0.65,0.309091,0.20842,0.36827,0.0689,0.027
10,12,10000,70/30,0.7,0.346712,0.227436,0.398717,0.1059,0.0495
10,12,10000,75/25,0.75,0.377864,0.246197,0.429041,0.1491,0.0793
10,12,10000,80/20,0.8,0.405009,0.265368,0.460038,0.1998,0.1121
10,12,10000,85/15,0.85,0.430142,0.283804,0.489369,0.2523,0.1501
10,12,10000,90/10,0.9,0.469336,0.302946,0.518191,0.342,0.1955
10,12,10000,95/5,0.95,0.493272,0.32145,0.54616,0.4043,0.2432
10,12,10000,100/0,1,0.516226,0.33879,0.572865,0.4486,0.2874
5,12,10000,40/60,0.4,0.169512,0.096587,0.187685,0,0
5,12,10000,45/55,0.45,0.200367,0.108655,0.210591,0.0006,0
5,12,10000,50/50,0.5,0.229346,0.118494,0.233467,0.0022,0.0002
5,12,10000,55/45,0.55,0.257557,0.127684,0.258558,0.0058,0.0013
5,12,10000,60/40,0.6,0.283415,0.138739,0.28446,0.0121,0.0037
5,12,10000,65/35,0.65,0.309091,0.148643,0.310527,0.0245,0.008
5,12,10000,70/30,0.7,0.346712,0.161198,0.33731,0.0401,0.015
5,12,10000,75/25,0.75,0.377864,0.17363,0.363634,0.0621,0.0277
5,12,10000,80/20,0.8,0.405009,0.186846,0.389483,0.0867,0.0423
5,12,10000,85/15,0.85,0.430142,0.200754,0.413473,0.1127,0.0623
5,12,10000,90/10,0.9,0.469336,0.214172,0.438587,0.165,0.0813
5,12,10000,95/5,0.95,0.493272,0.225784,0.460254,0.2015,0.1055
5,12,10000,100/0,1,0.516226,0.235798,0.487119,0.2394,0.134
10,6,10000,70/30,0.7,0.346712,0.206522,0.371837,0.073,0.0329
10,24,10000,70/30,0.7,0.346712,0.241161,0.423209,0.1276,0.0687
10,36,10000,70/30,0.7,0.346712,0.241362,0.412217,0.1208,0.0596
