month,equity_weight_before_top_up,equity_weight_after_cycle,orders,band_order,growth_rules,drawdown_rules,growth_every_cycle_day,drawdown_every_cycle_day
1999-01,0.7,0.7,,,100,0,100,0
1999-02,0.702697,0.7,2,no,100.215286,0,100.215286,0
1999-03,0.716564,0.7,2,no,104.908565,0,104.908565,0
1999-04,0.710412,0.7,2,no,110.328562,0,110.328562,0
1999-05,0.69961,0.7,2,no,109.211445,-0.010125,109.211445,-0.010125
1999-06,0.717876,0.7,2,no,113.85568,0,113.85568,0
1999-07,0.696384,0.7,2,no,110.406111,-0.030298,110.406111,-0.030298
1999-08,0.705895,0.7,2,no,111.425837,-0.021341,111.425837,-0.021341
1999-09,0.698658,0.7,2,no,110.13447,-0.032684,110.13447,-0.032684
1999-10,0.716111,0.7,2,no,114.931226,0,114.931226,0
1999-11,0.711418,0.7,2,no,122.294218,0,122.294218,0
1999-12,0.717753,0.7,2,no,129.566753,0,129.566753,0
2000-01,0.700696,0.7,2,no,126.966821,-0.020066,126.966821,-0.020066
2000-02,0.705915,0.7,2,no,130.369218,0,130.369218,0
2000-03,0.709467,0.7,2,no,136.921455,0,136.921455,0
2000-04,0.695361,0.7,2,no,136.43339,-0.003565,136.43339,-0.003565
2000-05,0.690592,0.697604,1,no,131.32129,-0.040901,131.32129,-0.040901
2000-06,0.695714,0.7,2,no,132.721983,-0.030671,132.719134,-0.030691
2000-07,0.700685,0.7,2,no,132.866954,-0.029612,132.864102,-0.029633
2000-08,0.714737,0.700563,1,no,140.791146,0,140.788124,0
2000-09,0.692592,0.698723,1,no,137.205367,-0.025469,137.205359,-0.025448
2000-10,0.697919,0.7,2,no,137.996127,-0.019852,137.995446,-0.019836
2000-11,0.675732,0.682353,1,no,128.720721,-0.085733,128.720086,-0.085718
2000-12,0.666274,0.673133,1,no,125.259593,-0.110316,125.095001,-0.111466
2001-01,0.678293,0.684603,1,no,128.661813,-0.086151,128.573708,-0.086757
2001-02,0.66592,0.672691,1,no,122.012039,-0.133383,121.766051,-0.135111
2001-03,0.663534,0.670332,1,no,119.895979,-0.148413,119.51836,-0.151076
2001-04,0.686793,0.692732,1,no,125.346651,-0.109698,125.227987,-0.110522
2001-05,0.703097,0.7,2,no,128.507023,-0.087251,128.430811,-0.087772
2001-06,0.693143,0.698695,1,no,126.637679,-0.100528,126.562576,-0.101042
2001-07,0.685264,0.691083,1,no,121.644791,-0.135991,121.562527,-0.136557
2001-08,0.668744,0.675069,1,no,115.525629,-0.179454,115.339779,-0.180756
2001-09,0.650572,0.657568,1,no,107.970295,-0.233117,107.496463,-0.236466
2001-10,0.662072,0.668495,1,no,111.594171,-0.207378,111.198736,-0.21017
2001-11,0.681833,0.687451,1,no,117.97833,-0.162033,117.783195,-0.163401
2001-12,0.695935,0.7,2,no,119.491467,-0.151286,119.352938,-0.152251
2002-01,0.69979,0.7,2,no,119.122515,-0.153906,118.984413,-0.154869
2002-02,0.698845,0.7,2,no,118.649727,-0.157264,118.512174,-0.158223
2002-03,0.710841,0.7,2,no,121.623234,-0.136144,121.482234,-0.137127
2002-04,0.687731,0.692827,1,no,117.409497,-0.166073,117.273382,-0.167022
2002-05,0.683822,0.68903,1,no,114.413014,-0.187356,114.245689,-0.188528
2002-06,0.660012,0.66594,1,no,106.193288,-0.245739,105.880445,-0.247945
2002-07,0.64738,0.65366,1,no,102.113592,-0.274716,101.523455,-0.278892
2002-08,0.647995,0.654108,1,no,102.902576,-0.269112,102.189262,-0.274163
2002-09,0.62419,0.7,2,yes,96.485571,-0.31469,95.235274,-0.323556
2002-10,0.712645,0.700417,1,no,100.494997,-0.286212,99.192744,-0.295447
2002-11,0.708968,0.7,2,no,103.926799,-0.261837,102.578332,-0.271399
2002-12,0.676147,0.681668,1,no,97.791136,-0.305417,96.522281,-0.314415
2003-01,0.666266,0.672038,1,no,94.722015,-0.327216,93.371328,-0.336795
2003-02,0.664409,0.670139,1,no,94.319421,-0.330076,92.884478,-0.340253
2003-03,0.66661,0.672266,1,no,93.322879,-0.337154,91.859293,-0.347535
2003-04,0.687449,0.692456,1,no,97.234108,-0.309373,95.892094,-0.318891
2003-05,0.688029,0.692894,1,no,98.331564,-0.301578,96.959196,-0.311311
2003-06,0.701758,0.7,2,no,102.999021,-0.268427,101.591571,-0.278408
2003-07,0.711333,0.701238,1,no,104.955963,-0.254527,103.521772,-0.264698
2003-08,0.716527,0.706935,1,no,109.771893,-0.220321,108.262114,-0.231028
2003-09,0.696272,0.7,2,no,106.011805,-0.247028,104.591057,-0.257103
2003-10,0.712891,0.703679,1,no,110.72344,-0.213562,109.239548,-0.224085
2003-11,0.701766,0.7,2,no,109.407327,-0.22291,107.944715,-0.233283
2003-12,0.699489,0.7,2,no,110.09793,-0.218005,108.626085,-0.228443
2004-01,0.706517,0.7,2,no,114.015971,-0.190177,112.491748,-0.200986
2004-02,0.702785,0.7,2,no,115.795714,-0.177536,114.247699,-0.188513
2004-03,0.70046,0.7,2,no,117.817212,-0.163177,116.242172,-0.174347
2004-04,0.70112,0.7,2,no,117.082698,-0.168394,115.517477,-0.179494
2004-05,0.698117,0.7,2,no,115.513965,-0.179537,113.969716,-0.190488
2004-06,0.70552,0.7,2,no,117.627584,-0.164524,116.055079,-0.175676
2004-07,0.692221,0.695638,1,no,115.887361,-0.176885,114.33812,-0.187871
2004-08,0.693041,0.69639,1,no,116.597975,-0.171837,115.033078,-0.182935
2004-09,0.695325,0.698603,1,no,116.96857,-0.169205,115.396601,-0.180353
2004-10,0.695734,0.698958,1,no,117.509112,-0.165366,115.927672,-0.176581
2004-11,0.699635,0.7,2,no,119.029664,-0.154566,117.428153,-0.165923
2004-12,0.701821,0.7,2,no,120.656005,-0.143014,119.032613,-0.154527
2005-01,0.703474,0.7,2,no,123.563106,-0.122366,121.9006,-0.134156
2005-02,0.705831,0.7,2,no,124.943524,-0.112561,123.262445,-0.124483
2005-03,0.698717,0.7,2,no,125.166834,-0.110975,123.48275,-0.122918
2005-04,0.691329,0.694257,1,no,123.750441,-0.121035,122.085414,-0.132843
2005-05,0.705458,0.7,2,no,130.321629,-0.074362,128.607148,-0.08652
2005-06,0.70545,0.7,2,no,134.091373,-0.047587,132.327298,-0.060096
2005-07,0.709087,0.703199,1,no,137.750469,-0.021597,135.938256,-0.034448
2005-08,0.702053,0.7,2,no,138.575429,-0.015738,136.754765,-0.028648
2005-09,0.709569,0.70397,1,no,142.636031,0,140.762016,-0.000185
2005-10,0.701516,0.7,2,no,139.417433,-0.022565,137.59214,-0.022701
2005-11,0.712594,0.707151,1,no,145.046629,0,143.147637,0
2005-12,0.710169,0.704918,1,no,148.74999,0,146.787211,0
2006-01,0.71298,0.707822,1,no,150.919335,0,148.899542,0
2006-02,0.71184,0.706798,1,no,153.049423,0,150.978173,0
2006-03,0.711806,0.706799,1,no,153.02012,-0.000191,150.924466,-0.000356
2006-04,0.709036,0.704071,1,no,152.664951,-0.002512,150.56311,-0.002749
2006-05,0.687706,0.68998,1,no,145.715845,-0.047916,143.755634,-0.047838
2006-06,0.693258,0.695466,1,no,146.391354,-0.043503,144.444231,-0.043277
2006-07,0.692462,0.694654,1,no,146.788132,-0.04091,144.826418,-0.040746
2006-08,0.696386,0.698497,1,no,149.374624,-0.024011,147.384777,-0.023801
2006-09,0.702408,0.7,2,no,152.314481,-0.004802,150.289666,-0.00456
2006-10,0.70797,0.703316,1,no,155.927418,0,153.854575,0
2006-11,0.700165,0.7,2,no,155.474184,-0.002907,153.41505,-0.002857
2006-12,0.708569,0.704025,1,no,157.774013,0,155.684419,0
2007-01,0.710915,0.706467,1,no,160.692917,0,158.54356,0
2007-02,0.699226,0.7,2,no,158.99168,-0.010587,156.900503,-0.010363
2007-03,0.70414,0.7,2,no,160.554592,-0.000861,158.442859,-0.000635
2007-04,0.705253,0.700973,1,no,162.608178,0,160.469435,0
2007-05,0.712643,0.708454,1,no,166.876819,0,164.67301,0
2007-06,0.708987,0.704829,1,no,166.303474,-0.003436,164.103652,-0.003458
2007-07,0.696723,0.698518,1,no,163.808133,-0.018389,161.671737,-0.018226
2007-08,0.69437,0.696175,1,no,163.253148,-0.021715,161.119287,-0.02158
2007-09,0.699362,0.7,2,no,165.230322,-0.009867,163.080017,-0.009674
2007-10,0.702654,0.7,2,no,168.237626,0,166.048185,0
2007-11,0.683,0.684864,1,no,161.075367,-0.042572,158.979135,-0.042572
2007-12,0.685162,0.687017,1,no,159.815548,-0.050061,157.739004,-0.050041
2008-01,0.659097,0.661201,1,no,151.56795,-0.099084,149.346372,-0.100584
2008-02,0.657009,0.659125,1,no,150.71171,-0.104174,148.394847,-0.106315
2008-03,0.647852,0.650097,1,no,144.952592,-0.138406,142.431563,-0.142228
2008-04,0.668363,0.67038,1,no,151.072298,-0.10203,149.039681,-0.102431
2008-05,0.679219,0.68114,1,no,152.415626,-0.094046,150.543102,-0.093377
2008-06,0.662435,0.664595,1,no,141.772549,-0.157308,139.803334,-0.158056
2008-07,0.655614,0.657814,1,no,141.085841,-0.161389,138.927704,-0.163329
2008-08,0.661449,0.663543,1,no,144.821268,-0.139186,142.703138,-0.140592
2008-09,0.637503,0.7,2,yes,135.553718,-0.194272,133.003157,-0.199009
2008-10,0.673111,0.675402,1,no,126.110007,-0.250405,123.737137,-0.254812
2008-11,0.65377,0.656261,1,no,121.930344,-0.275249,119.345754,-0.281258
2008-12,0.643212,0.7,2,yes,119.155687,-0.291742,116.334828,-0.299391
2009-01,0.702449,0.7,2,no,118.192431,-0.297467,115.394376,-0.305055
2009-02,0.678153,0.680618,1,no,111.993588,-0.334313,109.342283,-0.341503
2009-03,0.684419,0.686772,1,no,114.211244,-0.321131,111.545223,-0.328236
2009-04,0.709972,0.70513,1,no,124.018734,-0.262836,121.296581,-0.26951
2009-05,0.717191,0.712453,1,no,127.161157,-0.244157,124.333018,-0.251223
2009-06,0.707581,0.70294,1,no,127.244529,-0.243662,124.451384,-0.25051
2009-07,0.715948,0.71158,1,no,135.96184,-0.191846,132.952989,-0.199311
2009-08,0.71583,0.711571,1,no,138.57701,-0.176302,135.477789,-0.184106
2009-09,0.714851,0.710699,1,no,141.120081,-0.161186,137.93847,-0.169286
2009-10,0.704229,0.700077,1,no,138.207418,-0.178499,135.136954,-0.186158
2009-11,0.702675,0.7,2,no,140.664759,-0.163892,137.539571,-0.171689
2009-12,0.714185,0.710269,1,no,146.953245,-0.126514,143.688343,-0.134659
2010-01,0.707813,0.703936,1,no,146.310684,-0.130333,143.077595,-0.138337
2010-02,0.71003,0.706285,1,no,151.119636,-0.101749,147.763273,-0.110118
2010-03,0.719422,0.715833,1,no,158.976142,-0.05505,155.383419,-0.064227
2010-04,0.718148,0.714635,1,no,161.366624,-0.040841,157.691454,-0.050327
2010-05,0.709019,0.705524,1,no,159.312728,-0.053049,155.747084,-0.062037
2010-06,0.701885,0.7,2,no,156.034305,-0.072536,152.556794,-0.08125
2010-07,0.701422,0.7,2,no,158.715953,-0.056597,155.178677,-0.06546
2010-08,0.693651,0.695146,1,no,158.566079,-0.057487,155.032143,-0.066342
2010-09,0.701126,0.7,2,no,160.663557,-0.04502,157.104391,-0.053863
2010-10,0.704974,0.701662,1,no,163.179472,-0.030066,159.564571,-0.039047
2010-11,0.717896,0.714603,1,no,166.338405,-0.011289,162.632557,-0.02057
2010-12,0.724413,0.721208,1,no,171.705111,0,167.761773,0
2011-01,0.721195,0.717994,1,no,170.400125,-0.0076,166.486994,-0.007599
2011-02,0.721052,0.717913,1,no,172.942028,0,168.924608,0
2011-03,0.713714,0.710554,1,no,169.304124,-0.021035,165.432629,-0.020672
2011-04,0.711083,0.70794,1,no,168.854062,-0.023638,164.988377,-0.023302
2011-05,0.706467,0.703398,1,no,171.04067,-0.010994,167.134382,-0.010598
2011-06,0.700108,0.7,2,no,168.448004,-0.025986,164.609746,-0.025543
2011-07,0.70046,0.7,2,no,168.065057,-0.0282,164.235524,-0.027758
2011-08,0.670617,0.672127,1,no,159.850652,-0.075698,156.208293,-0.075278
2011-09,0.664442,0.66601,1,no,156.147859,-0.097109,152.441546,-0.097576
2011-10,0.683787,0.685208,1,no,161.67521,-0.065148,158.266446,-0.063094
2011-11,0.696201,0.697565,1,no,161.035037,-0.06885,157.758612,-0.0661
2011-12,0.693798,0.695118,1,no,167.023573,-0.034222,163.618192,-0.031413
2012-01,0.698498,0.699746,1,no,173.286756,0,169.766895,0
2012-02,0.70186,0.7,2,no,177.918705,0,174.305205,0
2012-03,0.703159,0.700375,1,no,179.742226,0,176.09169,0
2012-04,0.700156,0.7,2,no,179.62275,-0.000665,175.974709,-0.000664
2012-05,0.691976,0.69321,1,no,176.127287,-0.020112,172.550237,-0.020111
2012-06,0.701852,0.7,2,no,179.484427,-0.001434,175.887707,-0.001158
2012-07,0.702424,0.7,2,no,184.964918,0,181.258374,0
2012-08,0.698852,0.699987,1,no,185.097397,0,181.388198,0
2012-09,0.698065,0.699187,1,no,187.093988,0,183.344756,0
2012-10,0.69295,0.694087,1,no,187.026593,-0.00036,183.274294,-0.000384
2012-11,0.69438,0.695493,1,no,189.491312,0,185.691079,0
2012-12,0.696441,0.697533,1,no,191.072106,0,187.243948,0
2013-01,0.704183,0.701692,1,no,193.673892,0,189.808362,0
2013-02,0.707272,0.704837,1,no,198.303439,0,194.336741,0
2013-03,0.714147,0.711772,1,no,204.581398,0,200.445721,0
2013-04,0.705988,0.703683,1,no,207.756505,0,203.624206,0
2013-05,0.708526,0.706224,1,no,208.03663,0,203.881315,0
2013-06,0.703403,0.701052,1,no,201.641473,-0.030741,197.63062,-0.030658
2013-07,0.707022,0.70473,1,no,207.206623,-0.00399,203.078987,-0.003935
2013-08,0.699887,0.7,2,no,205.303382,-0.013138,201.235816,-0.012976
2013-09,0.704515,0.702289,1,no,211.200351,0,207.015951,0
2013-10,0.704102,0.701938,1,no,216.406342,0,212.114588,0
2013-11,0.705015,0.702881,1,no,219.158379,0,214.805925,0
2013-12,0.707409,0.705273,1,no,219.027117,-0.000599,214.66386,-0.000661
2014-01,0.695605,0.696524,1,no,218.543325,-0.002806,214.242236,-0.002624
2014-02,0.700989,0.7,2,no,222.921482,0,218.550275,0
2014-03,0.700221,0.7,2,no,224.125756,0,219.730934,0
2014-04,0.697633,0.698511,1,no,225.113118,0,220.698935,0
2014-05,0.70375,0.701772,1,no,231.891933,0,227.353251,0
2014-06,0.702297,0.700362,1,no,235.735699,0,231.120757,0
2014-07,0.699433,0.7,2,no,236.930053,0,232.2921,0
2014-08,0.703179,0.701316,1,no,243.950324,0,239.174949,0
2014-09,0.70342,0.701579,1,no,246.234815,0,241.411529,0
2014-10,0.702459,0.700637,1,no,247.934775,0,243.076577,0
2014-11,0.701445,0.7,2,no,251.871707,0,246.935759,0
2014-12,0.700676,0.7,2,no,254.339465,0,249.355157,0
2015-01,0.709088,0.707384,1,no,265.634631,0,260.42897,0
2015-02,0.718364,0.716717,1,no,277.754419,0,272.204583,0
2015-03,0.722517,0.720904,1,no,284.506549,0,278.688649,0
2015-04,0.720703,0.719081,1,no,281.663597,-0.009993,275.909581,-0.009972
2015-05,0.726755,0.725144,1,no,285.381016,0,279.348427,0
2015-06,0.721226,0.719573,1,no,275.36559,-0.035095,269.677956,-0.034618
2015-07,0.719987,0.718378,1,no,281.747059,-0.012734,275.916553,-0.012285
2015-08,0.701349,0.7,2,no,264.034991,-0.074798,258.970992,-0.072946
2015-09,0.690099,0.690851,1,no,258.125565,-0.095505,253.174905,-0.093695
2015-10,0.706789,0.705184,1,no,275.291167,-0.035356,270.195624,-0.032765
2015-11,0.7106,0.709033,1,no,282.936519,-0.008566,277.661961,-0.006037
2015-12,0.70205,0.700449,1,no,272.918621,-0.043669,267.91271,-0.040937
2016-01,0.682248,0.683002,1,no,261.739494,-0.082842,256.948644,-0.080186
2016-02,0.681182,0.681935,1,no,261.918034,-0.082216,257.087163,-0.07969
2016-03,0.686983,0.687707,1,no,267.177963,-0.063785,262.360313,-0.060813
2016-04,0.693223,0.693925,1,no,269.539592,-0.05551,264.762941,-0.052213
2016-05,0.697086,0.697765,1,no,274.482838,-0.038188,269.64296,-0.034743
2016-06,0.693571,0.694257,1,no,274.461745,-0.038262,269.610255,-0.03486
2016-07,0.702207,0.700689,1,no,283.330717,-0.007184,278.382327,-0.003458
2016-08,0.701183,0.7,2,no,284.123204,-0.004407,279.16052,-0.000673
2016-09,0.700924,0.7,2,no,285.705785,0,280.715458,0
2016-10,0.70438,0.702874,1,no,284.61346,-0.003823,279.642212,-0.003823
2016-11,0.713329,0.71184,1,no,290.986811,0,285.86311,0
2016-12,0.716373,0.714916,1,no,297.8355,0,292.514645,0
2017-01,0.72125,0.719786,1,no,298.049192,0,292.588827,0
2017-02,0.725138,0.723715,1,no,307.571898,0,301.778555,0
2017-03,0.726304,0.724887,1,no,308.762751,0,302.853945,0
2017-04,0.723291,0.721881,1,no,308.416233,-0.001122,302.574295,-0.000923
2017-05,0.719844,0.718442,1,no,308.136894,-0.002027,302.367355,-0.001607
2017-06,0.718326,0.716916,1,no,305.06195,-0.011986,299.353154,-0.011559
2017-07,0.716934,0.71553,1,no,305.329646,-0.011119,299.615392,-0.010693
2017-08,0.713022,0.711627,1,no,305.089091,-0.011898,299.436639,-0.011284
2017-09,0.718092,0.716709,1,no,309.270336,0,303.429237,0
2017-10,0.721484,0.720136,1,no,317.985118,0,311.856829,0
2017-11,0.719875,0.718533,1,no,318.244151,0,312.119016,0
2017-12,0.721161,0.719821,1,no,318.55557,0,312.349182,0
2018-01,0.724627,0.723295,1,no,321.439279,0,315.027832,0
2018-02,0.719299,0.717959,1,no,316.683606,-0.014795,310.511363,-0.014337
2018-03,0.70967,0.708333,1,no,312.451733,-0.02796,306.587183,-0.026793
2018-04,0.714933,0.713615,1,no,318.649105,-0.00868,312.584996,-0.007754
2018-05,0.722889,0.721587,1,no,325.66819,0,319.273117,0
2018-06,0.7187,0.717408,1,no,325.67499,0,319.37881,0
2018-07,0.721927,0.720648,1,no,329.898764,0,323.395395,0
2018-08,0.725739,0.724464,1,no,332.191638,0,325.473015,0
2018-09,0.726985,0.725718,1,no,334.200755,0,327.340336,0
2018-10,0.71334,0.712042,1,no,319.694015,-0.043407,313.632185,-0.041877
2018-11,0.712601,0.711319,1,no,322.739941,-0.034293,316.609963,-0.03278
2018-12,0.693167,0.693749,1,no,305.767341,-0.085079,300.259884,-0.082729
2019-01,0.705609,0.704344,1,no,322.585202,-0.034756,316.885373,-0.031939
2019-02,0.711882,0.710638,1,no,330.304184,-0.011659,324.416947,-0.008931
2019-03,0.713016,0.711799,1,no,337.697337,0,331.637525,0
2019-04,0.718256,0.717065,1,no,346.755156,0,340.406329,0
2019-05,0.704173,0.702964,1,no,334.565069,-0.035155,328.795566,-0.034109
2019-06,0.707628,0.706455,1,no,345.98419,-0.002223,339.995256,-0.001208
2019-07,0.707671,0.706521,1,no,352.285333,0,346.174226,0
2019-08,0.70152,0.700372,1,no,349.187328,-0.008794,343.183928,-0.008638
2019-09,0.708409,0.707278,1,no,357.184532,0,351.038641,0
2019-10,0.70985,0.708718,1,no,357.274243,0,351.09506,0
2019-11,0.71845,0.717337,1,no,367.068003,0,360.571181,0
2019-12,0.721161,0.720053,1,no,369.694898,0,363.032835,0
2020-01,0.716588,0.715496,1,no,372.264699,0,365.682352,0
2020-02,0.699541,0.7,2,no,352.197428,-0.053906,346.390111,-0.052757
2020-03,0.672938,0.673524,1,no,315.740253,-0.151839,310.534072,-0.150809
2020-04,0.697725,0.698228,1,no,339.636817,-0.087647,335.010013,-0.083877
2020-05,0.700101,0.7,2,no,347.178734,-0.067387,342.454583,-0.063519
2020-06,0.703843,0.702726,1,no,354.441582,-0.047878,349.618603,-0.043928
2020-07,0.69901,0.699489,1,no,352.753982,-0.052411,347.970842,-0.048434
2020-08,0.71243,0.711338,1,no,365.745244,-0.017513,360.797291,-0.013359
2020-09,0.707757,0.706669,1,no,364.184879,-0.021705,359.329086,-0.017374
2020-10,0.70104,0.7,2,no,359.471896,-0.034365,354.743173,-0.029914
2020-11,0.719852,0.718811,1,no,385.80194,0,380.726854,0
2020-12,0.72398,0.722953,1,no,393.001935,0,387.645551,0
2021-01,0.725057,0.724036,1,no,395.13129,0,389.651938,0
2021-02,0.73337,0.732355,1,no,401.513511,0,395.501076,0
2021-03,0.742892,0.741912,1,no,420.410451,0,413.394727,0
2021-04,0.745718,0.744742,1,no,423.513986,0,416.099535,0
2021-05,0.746535,0.745564,1,no,425.601111,0,417.973611,0
2021-06,0.751722,0.7,2,yes,437.578037,0,429.100256,0
2021-07,0.697887,0.698266,1,no,440.359658,0,431.827985,0
2021-08,0.704923,0.704057,1,no,448.865232,0,440.192888,0
2021-09,0.70268,0.701805,1,no,442.462923,-0.014263,433.925905,-0.014237
2021-10,0.713478,0.71261,1,no,452.642731,0,443.864608,0
2021-11,0.708216,0.707358,1,no,453.998323,0,445.314386,0
2021-12,0.717544,0.716697,1,no,464.803247,0,455.747564,0
2022-01,0.711492,0.710626,1,no,450.435337,-0.030912,441.848624,-0.030497
2022-02,0.709373,0.708488,1,no,439.079163,-0.055344,430.736825,-0.054878
2022-03,0.719819,0.718932,1,no,443.773729,-0.045244,435.139471,-0.045218
2022-04,0.71827,0.71736,1,no,430.964678,-0.072802,422.605839,-0.072719
2022-05,0.718207,0.717285,1,no,424.809267,-0.086045,416.53959,-0.08603
2022-06,0.708885,0.707934,1,no,405.925252,-0.126673,398.308164,-0.126033
2022-07,0.718438,0.717542,1,no,436.390388,-0.061129,428.029038,-0.06082
2022-08,0.724107,0.723183,1,no,425.415577,-0.084741,417.0274,-0.08496
2022-09,0.716861,0.715886,1,no,398.877052,-0.141837,391.298395,-0.141414
2022-10,0.724312,0.723358,1,no,411.444616,-0.114798,403.361558,-0.114945
2022-11,0.727312,0.72638,1,no,422.540073,-0.090927,414.047848,-0.091497
2022-12,0.720874,0.719897,1,no,398.808308,-0.141985,391.078662,-0.141896
2023-01,0.726056,0.725117,1,no,417.380629,-0.102027,409.042278,-0.102481
2023-02,0.729751,0.728796,1,no,411.961227,-0.113687,403.495418,-0.114652
2023-03,0.723362,0.722425,1,no,415.944494,-0.105117,407.719359,-0.105383
2023-04,0.722764,0.721833,1,no,417.397948,-0.10199,409.128594,-0.102291
2023-05,0.723274,0.722356,1,no,422.902277,-0.090148,414.458901,-0.090595
2023-06,0.732542,0.731636,1,no,433.827525,-0.066643,424.683274,-0.068161
2023-07,0.735257,0.734364,1,no,441.062221,-0.051078,431.513594,-0.053174
2023-08,0.730886,0.72999,1,no,436.73001,-0.060398,427.537,-0.0619
2023-09,0.731179,0.730268,1,no,428.760976,-0.077543,419.659782,-0.079184
2023-10,0.721577,0.720657,1,no,418.375037,-0.099888,410.041141,-0.100289
2023-11,0.726463,0.725581,1,no,439.226134,-0.055028,430.220439,-0.056012
2023-12,0.726522,0.725675,1,no,456.719437,-0.017392,447.301017,-0.018533
2024-01,0.73087,0.73003,1,no,462.83007,-0.004245,452.98194,-0.006068
2024-02,0.740793,0.739966,1,no,475.534771,0,464.653035,0
2024-03,0.744152,0.743343,1,no,488.355815,0,476.765801,0
2024-04,0.741244,0.740422,1,no,477.740941,-0.021736,466.625265,-0.021269
2024-05,0.746069,0.745259,1,no,487.666019,-0.001412,475.753688,-0.002123
2024-06,0.749155,0.74836,1,no,498.721282,0,486.087058,0
2024-07,0.745526,0.744747,1,no,505.23986,0,492.798904,0
2024-08,0.744476,0.743697,1,no,504.550291,-0.001365,492.1577,-0.001301
2024-09,0.743665,0.742898,1,no,511.156622,0,498.605388,0
2024-10,0.747123,0.746353,1,no,511.239351,0,498.212884,-0.000787
2024-11,0.754111,0.7,2,yes,540.770282,0,525.990307,0
2024-12,0.700765,0.700077,1,no,535.220428,-0.010263,520.592138,-0.010263
2025-01,0.70674,0.706062,1,no,547.634651,0,532.665762,0
2025-02,0.702388,0.701712,1,no,544.96404,-0.004877,530.125028,-0.00477
2025-03,0.68866,0.688977,1,no,515.540338,-0.058605,501.556046,-0.058404
2025-04,0.677056,0.67739,1,no,505.064304,-0.077735,491.062855,-0.078103
2025-05,0.690119,0.690427,1,no,526.313772,-0.038933,512.397135,-0.038051
2025-06,0.693256,0.693558,1,no,530.316872,-0.031623,516.35981,-0.030612
2025-07,0.701313,0.700639,1,no,542.823119,-0.008786,528.661145,-0.007518
2025-08,0.702737,0.702066,1,no,546.961766,-0.001229,532.688413,0
2025-09,0.706789,0.706128,1,no,557.155541,0,542.590859,0
2025-10,0.711593,0.710946,1,no,572.589528,0,557.531394,0
2025-11,0.710975,0.71033,1,no,572.772537,0,557.708716,0
2025-12,0.710955,0.710307,1,no,569.858687,-0.005087,554.854087,-0.005118
