window_end,correlation
2002-01,-0.052408
2002-02,-0.051921
2002-03,-0.037219
2002-04,-0.080074
2002-05,-0.088155
2002-06,-0.078898
2002-07,-0.14273
2002-08,-0.123507
2002-09,-0.177152
2002-10,-0.14823
2002-11,-0.231647
2002-12,-0.230972
2003-01,-0.279149
2003-02,-0.275524
2003-03,-0.327692
2003-04,-0.365835
2003-05,-0.365975
2003-06,-0.332874
2003-07,-0.355255
2003-08,-0.403848
2003-09,-0.400287
2003-10,-0.412264
2003-11,-0.40986
2003-12,-0.392564
2004-01,-0.382424
2004-02,-0.392935
2004-03,-0.374662
2004-04,-0.338611
2004-05,-0.306365
2004-06,-0.310992
2004-07,-0.324312
2004-08,-0.287572
2004-09,-0.30618
2004-10,-0.343568
2004-11,-0.394656
2004-12,-0.381875
2005-01,-0.371514
2005-02,-0.380987
2005-03,-0.357008
2005-04,-0.376497
2005-05,-0.346446
2005-06,-0.31949
2005-07,-0.312938
2005-08,-0.314523
2005-09,-0.266452
2005-10,-0.174169
2005-11,-0.198336
2005-12,-0.120461
2006-01,-0.077142
2006-02,-0.037275
2006-03,-0.025649
2006-04,0.033117
2006-05,0.022171
2006-06,-0.034566
2006-07,-0.004553
2006-08,0.062644
2006-09,0.054281
2006-10,0.060949
2006-11,0.025679
2006-12,0.001274
2007-01,-0.047667
2007-02,-0.086359
2007-03,-0.100128
2007-04,-0.130827
2007-05,-0.208826
2007-06,-0.190728
2007-07,-0.19579
2007-08,-0.201766
2007-09,-0.197473
2007-10,-0.176806
2007-11,-0.23229
2007-12,-0.213464
2008-01,-0.413019
2008-02,-0.412768
2008-03,-0.354253
2008-04,-0.373108
2008-05,-0.462106
2008-06,-0.340303
2008-07,-0.346291
2008-08,-0.312661
2008-09,-0.322893
2008-10,-0.386314
2008-11,-0.426669
2008-12,-0.470643
2009-01,-0.448516
2009-02,-0.471332
2009-03,-0.45558
2009-04,-0.39877
2009-05,-0.422398
2009-06,-0.412899
2009-07,-0.323376
2009-08,-0.331717
2009-09,-0.331783
2009-10,-0.319762
2009-11,-0.312954
2009-12,-0.315145
2010-01,-0.30615
2010-02,-0.285626
2010-03,-0.273786
2010-04,-0.265971
2010-05,-0.241129
2010-06,-0.225638
2010-07,-0.213527
2010-08,-0.212944
2010-09,-0.219194
2010-10,-0.228997
2010-11,-0.253779
2010-12,-0.269146
2011-01,-0.185516
2011-02,-0.183101
2011-03,-0.195912
2011-04,-0.159097
2011-05,-0.141081
2011-06,-0.232409
2011-07,-0.21604
2011-08,-0.342832
2011-09,-0.337991
2011-10,-0.359656
2011-11,-0.268181
2011-12,-0.182735
2012-01,-0.169285
2012-02,-0.122409
2012-03,-0.123349
2012-04,-0.145202
2012-05,-0.123403
2012-06,-0.123777
2012-07,-0.181062
2012-08,-0.182455
2012-09,-0.184899
2012-10,-0.207179
2012-11,-0.208468
2012-12,-0.191953
2013-01,-0.200612
2013-02,-0.214664
2013-03,-0.236387
2013-04,-0.23027
2013-05,-0.225998
2013-06,-0.184526
2013-07,-0.18279
2013-08,-0.172091
2013-09,-0.151653
2013-10,-0.134231
2013-11,-0.07271
2013-12,-0.05257
2014-01,-0.093854
2014-02,-0.093268
2014-03,-0.120314
2014-04,-0.129998
2014-05,-0.12127
2014-06,-0.139082
2014-07,-0.148201
2014-08,0.099775
2014-09,0.080121
2014-10,0.207668
2014-11,0.228753
2014-12,0.179063
2015-01,0.141803
2015-02,0.109057
2015-03,0.100788
2015-04,0.129904
2015-05,0.114634
2015-06,0.272765
2015-07,0.258876
2015-08,0.29634
2015-09,0.27535
2015-10,0.310827
2015-11,0.315209
2015-12,0.358622
2016-01,0.28856
2016-02,0.290066
2016-03,0.30666
2016-04,0.323202
2016-05,0.336049
2016-06,0.269381
2016-07,0.264545
2016-08,0.27086
2016-09,0.261128
2016-10,0.247195
2016-11,0.203851
2016-12,0.209219
2017-01,0.267518
2017-02,0.279611
2017-03,0.280756
2017-04,0.288347
2017-05,0.270421
2017-06,0.280876
2017-07,0.285379
2017-08,0.256718
2017-09,0.241753
2017-10,0.255552
2017-11,0.252682
2017-12,0.253706
2018-01,0.21196
2018-02,0.193044
2018-03,0.145465
2018-04,0.127953
2018-05,0.123149
2018-06,0.038414
2018-07,0.003974
2018-08,-0.067194
2018-09,-0.024782
2018-10,-0.130487
2018-11,-0.160293
2018-12,-0.2761
2019-01,-0.04768
2019-02,-0.046733
2019-03,-0.028564
2019-04,-0.011914
2019-05,-0.071028
2019-06,0.003724
2019-07,0.002389
2019-08,-0.013512
2019-09,-0.027312
2019-10,-0.036036
2019-11,-0.020869
2019-12,-0.037037
2020-01,-0.046729
2020-02,-0.052651
2020-03,0.211551
2020-04,0.153008
2020-05,0.169968
2020-06,0.168777
2020-07,0.161697
2020-08,0.13188
2020-09,0.138182
2020-10,0.116832
2020-11,0.110663
2020-12,0.107531
2021-01,0.11397
2021-02,0.078766
2021-03,0.121019
2021-04,0.12485
2021-05,0.147453
2021-06,0.159023
2021-07,0.153057
2021-08,0.152695
2021-09,0.168489
2021-10,0.125246
2021-11,0.106556
2021-12,0.1198
2022-01,0.119782
2022-02,0.162857
2022-03,0.121339
2022-04,0.157543
2022-05,0.211902
2022-06,0.221919
2022-07,0.321996
2022-08,0.343186
2022-09,0.40717
2022-10,0.410704
2022-11,0.422115
2022-12,0.462231
2023-01,0.498533
2023-02,0.53013
2023-03,0.492221
2023-04,0.532358
2023-05,0.529646
2023-06,0.513501
2023-07,0.53112
2023-08,0.533199
2023-09,0.556358
2023-10,0.540923
2023-11,0.591168
2023-12,0.600983
2024-01,0.599385
2024-02,0.596045
2024-03,0.601563
2024-04,0.60551
2024-05,0.604765
2024-06,0.606606
2024-07,0.601577
2024-08,0.602333
2024-09,0.59954
2024-10,0.624374
2024-11,0.662927
2024-12,0.682457
2025-01,0.681126
2025-02,0.661792
2025-03,0.682456
2025-04,0.625467
2025-05,0.606318
2025-06,0.597255
2025-07,0.5442
2025-08,0.54666
2025-09,0.462531
2025-10,0.474398
2025-11,0.468968
2025-12,0.374065
