name_in_file,company
NVIDIA,NVIDIA
APPLE,Apple
MICROSOFT,Microsoft
AMAZON.COM INC,Amazon
ALPHABET CLASS A,Alphabet
ALPHABET CLASS C,Alphabet
TAIWAN SEMICONDUCTOR MANUFACTURING,TSMC
BROADCOM INC,Broadcom
META PLATFORMS CLASS A,Meta Platforms
MICRON TECHNOLOGY,Micron Technology
TESLA INC,Tesla
ADVANCED MICRO DEVICES,AMD
SAMSUNG ELECTRONICS LTD,Samsung Electronics
SAMSUNG ELECTRONICS NON VOTING PRE,Samsung Electronics
ELI LILLY,Eli Lilly
JPMORGAN CHASE & CO,JPMorgan Chase
SK HYNIX,SK Hynix
ASML HOLDING,ASML
BERKSHIRE HATHAWAY INC CLASS B,Berkshire Hathaway
EXXONMOBIL HOLDINGS CORP,ExxonMobil
VISA CLASS A,Visa
JOHNSON & JOHNSON,Johnson & Johnson
INTEL CORPORATION,Intel
ABBVIE,AbbVie
TENCENT HOLDINGS,Tencent
MASTERCARD CLASS A,Mastercard
WALMART,Walmart
NETFLIX,Netflix
ORACLE,Oracle
PALANTIR TECHNOLOGIES CLASS A,Palantir
COSTCO WHOLESALE CORP,Costco
ATLAS COPCO CLASS A,Atlas Copco
ATLAS COPCO CLASS B,Atlas Copco
