country,display,market,region,source
United States,United States,Developed,North America,"MSCI market classification as applied to MSCI ACWI in October 2026: Korea stays emerging after the 2026 annual review, Greece moves to developed at the May 2027 index review (MSCI, 31 March 2026)"
Canada,Canada,Developed,North America,"MSCI market classification as applied to MSCI ACWI in October 2026: Korea stays emerging after the 2026 annual review, Greece moves to developed at the May 2027 index review (MSCI, 31 March 2026)"
United Kingdom,United Kingdom,Developed,Europe and Middle East,"MSCI market classification as applied to MSCI ACWI in October 2026: Korea stays emerging after the 2026 annual review, Greece moves to developed at the May 2027 index review (MSCI, 31 March 2026)"
Germany,Germany,Developed,Europe and Middle East,"MSCI market classification as applied to MSCI ACWI in October 2026: Korea stays emerging after the 2026 annual review, Greece moves to developed at the May 2027 index review (MSCI, 31 March 2026)"
Ireland,Ireland,Developed,Europe and Middle East,"MSCI market classification as applied to MSCI ACWI in October 2026: Korea stays emerging after the 2026 annual review, Greece moves to developed at the May 2027 index review (MSCI, 31 March 2026)"
France,France,Developed,Europe and Middle East,"MSCI market classification as applied to MSCI ACWI in October 2026: Korea stays emerging after the 2026 annual review, Greece moves to developed at the May 2027 index review (MSCI, 31 March 2026)"
Switzerland,Switzerland,Developed,Europe and Middle East,"MSCI market classification as applied to MSCI ACWI in October 2026: Korea stays emerging after the 2026 annual review, Greece moves to developed at the May 2027 index review (MSCI, 31 March 2026)"
Netherlands,Netherlands,Developed,Europe and Middle East,"MSCI market classification as applied to MSCI ACWI in October 2026: Korea stays emerging after the 2026 annual review, Greece moves to developed at the May 2027 index review (MSCI, 31 March 2026)"
Spain,Spain,Developed,Europe and Middle East,"MSCI market classification as applied to MSCI ACWI in October 2026: Korea stays emerging after the 2026 annual review, Greece moves to developed at the May 2027 index review (MSCI, 31 March 2026)"
Sweden,Sweden,Developed,Europe and Middle East,"MSCI market classification as applied to MSCI ACWI in October 2026: Korea stays emerging after the 2026 annual review, Greece moves to developed at the May 2027 index review (MSCI, 31 March 2026)"
Italy,Italy,Developed,Europe and Middle East,"MSCI market classification as applied to MSCI ACWI in October 2026: Korea stays emerging after the 2026 annual review, Greece moves to developed at the May 2027 index review (MSCI, 31 March 2026)"
Denmark,Denmark,Developed,Europe and Middle East,"MSCI market classification as applied to MSCI ACWI in October 2026: Korea stays emerging after the 2026 annual review, Greece moves to developed at the May 2027 index review (MSCI, 31 March 2026)"
Finland,Finland,Developed,Europe and Middle East,"MSCI market classification as applied to MSCI ACWI in October 2026: Korea stays emerging after the 2026 annual review, Greece moves to developed at the May 2027 index review (MSCI, 31 March 2026)"
Israel,Israel,Developed,Europe and Middle East,"MSCI market classification as applied to MSCI ACWI in October 2026: Korea stays emerging after the 2026 annual review, Greece moves to developed at the May 2027 index review (MSCI, 31 March 2026)"
Belgium,Belgium,Developed,Europe and Middle East,"MSCI market classification as applied to MSCI ACWI in October 2026: Korea stays emerging after the 2026 annual review, Greece moves to developed at the May 2027 index review (MSCI, 31 March 2026)"
Norway,Norway,Developed,Europe and Middle East,"MSCI market classification as applied to MSCI ACWI in October 2026: Korea stays emerging after the 2026 annual review, Greece moves to developed at the May 2027 index review (MSCI, 31 March 2026)"
Austria,Austria,Developed,Europe and Middle East,"MSCI market classification as applied to MSCI ACWI in October 2026: Korea stays emerging after the 2026 annual review, Greece moves to developed at the May 2027 index review (MSCI, 31 March 2026)"
Portugal,Portugal,Developed,Europe and Middle East,"MSCI market classification as applied to MSCI ACWI in October 2026: Korea stays emerging after the 2026 annual review, Greece moves to developed at the May 2027 index review (MSCI, 31 March 2026)"
Japan,Japan,Developed,Pacific,"MSCI market classification as applied to MSCI ACWI in October 2026: Korea stays emerging after the 2026 annual review, Greece moves to developed at the May 2027 index review (MSCI, 31 March 2026)"
Australia,Australia,Developed,Pacific,"MSCI market classification as applied to MSCI ACWI in October 2026: Korea stays emerging after the 2026 annual review, Greece moves to developed at the May 2027 index review (MSCI, 31 March 2026)"
Singapore,Singapore,Developed,Pacific,"MSCI market classification as applied to MSCI ACWI in October 2026: Korea stays emerging after the 2026 annual review, Greece moves to developed at the May 2027 index review (MSCI, 31 March 2026)"
Hong Kong,Hong Kong,Developed,Pacific,"MSCI market classification as applied to MSCI ACWI in October 2026: Korea stays emerging after the 2026 annual review, Greece moves to developed at the May 2027 index review (MSCI, 31 March 2026)"
New Zealand,New Zealand,Developed,Pacific,"MSCI market classification as applied to MSCI ACWI in October 2026: Korea stays emerging after the 2026 annual review, Greece moves to developed at the May 2027 index review (MSCI, 31 March 2026)"
Taiwan,Taiwan,Emerging,Emerging markets,"MSCI market classification as applied to MSCI ACWI in October 2026: Korea stays emerging after the 2026 annual review, Greece moves to developed at the May 2027 index review (MSCI, 31 March 2026)"
China,China,Emerging,Emerging markets,"MSCI market classification as applied to MSCI ACWI in October 2026: Korea stays emerging after the 2026 annual review, Greece moves to developed at the May 2027 index review (MSCI, 31 March 2026)"
India,India,Emerging,Emerging markets,"MSCI market classification as applied to MSCI ACWI in October 2026: Korea stays emerging after the 2026 annual review, Greece moves to developed at the May 2027 index review (MSCI, 31 March 2026)"
Brazil,Brazil,Emerging,Emerging markets,"MSCI market classification as applied to MSCI ACWI in October 2026: Korea stays emerging after the 2026 annual review, Greece moves to developed at the May 2027 index review (MSCI, 31 March 2026)"
Saudi Arabia,Saudi Arabia,Emerging,Emerging markets,"MSCI market classification as applied to MSCI ACWI in October 2026: Korea stays emerging after the 2026 annual review, Greece moves to developed at the May 2027 index review (MSCI, 31 March 2026)"
South Africa,South Africa,Emerging,Emerging markets,"MSCI market classification as applied to MSCI ACWI in October 2026: Korea stays emerging after the 2026 annual review, Greece moves to developed at the May 2027 index review (MSCI, 31 March 2026)"
Mexico,Mexico,Emerging,Emerging markets,"MSCI market classification as applied to MSCI ACWI in October 2026: Korea stays emerging after the 2026 annual review, Greece moves to developed at the May 2027 index review (MSCI, 31 March 2026)"
Poland,Poland,Emerging,Emerging markets,"MSCI market classification as applied to MSCI ACWI in October 2026: Korea stays emerging after the 2026 annual review, Greece moves to developed at the May 2027 index review (MSCI, 31 March 2026)"
Thailand,Thailand,Emerging,Emerging markets,"MSCI market classification as applied to MSCI ACWI in October 2026: Korea stays emerging after the 2026 annual review, Greece moves to developed at the May 2027 index review (MSCI, 31 March 2026)"
United Arab Emirates,United Arab Emirates,Emerging,Emerging markets,"MSCI market classification as applied to MSCI ACWI in October 2026: Korea stays emerging after the 2026 annual review, Greece moves to developed at the May 2027 index review (MSCI, 31 March 2026)"
Malaysia,Malaysia,Emerging,Emerging markets,"MSCI market classification as applied to MSCI ACWI in October 2026: Korea stays emerging after the 2026 annual review, Greece moves to developed at the May 2027 index review (MSCI, 31 March 2026)"
Peru,Peru,Emerging,Emerging markets,"MSCI market classification as applied to MSCI ACWI in October 2026: Korea stays emerging after the 2026 annual review, Greece moves to developed at the May 2027 index review (MSCI, 31 March 2026)"
Indonesia,Indonesia,Emerging,Emerging markets,"MSCI market classification as applied to MSCI ACWI in October 2026: Korea stays emerging after the 2026 annual review, Greece moves to developed at the May 2027 index review (MSCI, 31 March 2026)"
Greece,Greece,Emerging,Emerging markets,"MSCI market classification as applied to MSCI ACWI in October 2026: Korea stays emerging after the 2026 annual review, Greece moves to developed at the May 2027 index review (MSCI, 31 March 2026)"
Kuwait,Kuwait,Emerging,Emerging markets,"MSCI market classification as applied to MSCI ACWI in October 2026: Korea stays emerging after the 2026 annual review, Greece moves to developed at the May 2027 index review (MSCI, 31 March 2026)"
Hungary,Hungary,Emerging,Emerging markets,"MSCI market classification as applied to MSCI ACWI in October 2026: Korea stays emerging after the 2026 annual review, Greece moves to developed at the May 2027 index review (MSCI, 31 March 2026)"
Qatar,Qatar,Emerging,Emerging markets,"MSCI market classification as applied to MSCI ACWI in October 2026: Korea stays emerging after the 2026 annual review, Greece moves to developed at the May 2027 index review (MSCI, 31 March 2026)"
Turkey,Turkey,Emerging,Emerging markets,"MSCI market classification as applied to MSCI ACWI in October 2026: Korea stays emerging after the 2026 annual review, Greece moves to developed at the May 2027 index review (MSCI, 31 March 2026)"
Chile,Chile,Emerging,Emerging markets,"MSCI market classification as applied to MSCI ACWI in October 2026: Korea stays emerging after the 2026 annual review, Greece moves to developed at the May 2027 index review (MSCI, 31 March 2026)"
Philippines,Philippines,Emerging,Emerging markets,"MSCI market classification as applied to MSCI ACWI in October 2026: Korea stays emerging after the 2026 annual review, Greece moves to developed at the May 2027 index review (MSCI, 31 March 2026)"
Colombia,Colombia,Emerging,Emerging markets,"MSCI market classification as applied to MSCI ACWI in October 2026: Korea stays emerging after the 2026 annual review, Greece moves to developed at the May 2027 index review (MSCI, 31 March 2026)"
Czech Republic,Czech Republic,Emerging,Emerging markets,"MSCI market classification as applied to MSCI ACWI in October 2026: Korea stays emerging after the 2026 annual review, Greece moves to developed at the May 2027 index review (MSCI, 31 March 2026)"
Egypt,Egypt,Emerging,Emerging markets,"MSCI market classification as applied to MSCI ACWI in October 2026: Korea stays emerging after the 2026 annual review, Greece moves to developed at the May 2027 index review (MSCI, 31 March 2026)"
Korea (South),Korea,Emerging,Emerging markets,"MSCI market classification as applied to MSCI ACWI in October 2026: Korea stays emerging after the 2026 annual review, Greece moves to developed at the May 2027 index review (MSCI, 31 March 2026)"
Russian Federation,Russia,Not classified,Not in the index,"MSCI market classification as applied to MSCI ACWI in October 2026: Korea stays emerging after the 2026 annual review, Greece moves to developed at the May 2027 index review (MSCI, 31 March 2026)"
