as_of,window_end,correlation
2026-10-08,2022-02,0.1425235627
2026-10-08,2022-03,0.1031946481
2026-10-08,2022-04,0.1583711672
2026-10-08,2022-05,0.2126617397
2026-10-08,2022-06,0.2215474285
2026-10-08,2022-07,0.3154436666
2026-10-08,2022-08,0.3611741507
2026-10-08,2022-09,0.416420308
2026-10-08,2022-10,0.4201030452
2026-10-08,2022-11,0.4314805541
2026-10-08,2022-12,0.4774731615
2026-10-08,2023-01,0.5120434636
2026-10-08,2023-02,0.5591358902
2026-10-08,2023-03,0.532694213
2026-10-08,2023-04,0.5506272162
2026-10-08,2023-05,0.5502423487
2026-10-08,2023-06,0.5448242797
2026-10-08,2023-07,0.5604074086
2026-10-08,2023-08,0.5628255205
2026-10-08,2023-09,0.5975787346
2026-10-08,2023-10,0.6010020899
2026-10-08,2023-11,0.6532249446
2026-10-08,2023-12,0.6545834177
2026-10-08,2024-01,0.652497432
2026-10-08,2024-02,0.6480862783
2026-10-08,2024-03,0.6607376812
2026-10-08,2024-04,0.6648755558
2026-10-08,2024-05,0.6645139601
2026-10-08,2024-06,0.6630241711
2026-10-08,2024-07,0.6572345102
2026-10-08,2024-08,0.6590688388
2026-10-08,2024-09,0.6552495675
2026-10-08,2024-10,0.6696981587
2026-10-08,2024-11,0.6981246082
2026-10-08,2024-12,0.7273747753
2026-10-08,2025-01,0.7274348132
2026-10-08,2025-02,0.7125728818
2026-10-08,2025-03,0.7323367117
2026-10-08,2025-04,0.6686488126
2026-10-08,2025-05,0.6496180985
2026-10-08,2025-06,0.6399293098
2026-10-08,2025-07,0.5864720692
2026-10-08,2025-08,0.5948233798
2026-10-08,2025-09,0.527621492
2026-10-08,2025-10,0.5375310638
2026-10-08,2025-11,0.5336138828
2026-10-08,2025-12,0.4292980015
2026-10-08,2026-01,0.3927799772
2026-10-08,2026-02,0.3794304497
2026-10-08,2026-03,0.4722982272
2026-10-08,2026-04,0.4470188429
2026-10-08,2026-05,0.4577869713
2026-10-08,2026-06,0.4697676322
2026-10-08,2026-07,0.4809293288
2026-10-08,2026-08,0.4843965509
2026-10-08,2026-09,0.4522175266
