as_of,window_end,factor,factor_name,loading,standard_error,observations
2026-08-31,2014-11-30,Mkt-RF,Market,0.996882469,0.0117840763,156
2026-08-31,2014-11-30,SMB,Size,-0.1155655328,0.0304310557,156
2026-08-31,2014-11-30,HML,Value,0.0439292246,0.0459625087,156
2026-08-31,2014-11-30,RMW,Profitability,0.1044793165,0.0386913243,156
2026-08-31,2014-11-30,CMA,Investment,-0.0300839721,0.076663849,156
2026-08-31,2014-11-30,WML,Momentum,-0.006733245,0.0196809696,156
2026-08-31,2014-12-31,Mkt-RF,Market,0.9974352677,0.0116359352,157
2026-08-31,2014-12-31,SMB,Size,-0.111469993,0.0288777317,157
2026-08-31,2014-12-31,HML,Value,0.0440737785,0.0453287902,157
2026-08-31,2014-12-31,RMW,Profitability,0.1106392691,0.039458682,157
2026-08-31,2014-12-31,CMA,Investment,-0.0311403586,0.074290751,157
2026-08-31,2014-12-31,WML,Momentum,-0.0086498648,0.0200875022,157
2026-08-31,2015-01-31,Mkt-RF,Market,0.9993254719,0.0117260756,157
2026-08-31,2015-01-31,SMB,Size,-0.1087769691,0.0282087441,157
2026-08-31,2015-01-31,HML,Value,0.0491555651,0.0496538431,157
2026-08-31,2015-01-31,RMW,Profitability,0.1283938303,0.0396920112,157
2026-08-31,2015-01-31,CMA,Investment,-0.0357425379,0.0769343227,157
2026-08-31,2015-01-31,WML,Momentum,-0.007030095,0.0238791557,157
2026-08-31,2015-02-28,Mkt-RF,Market,0.9969808225,0.0111524648,156
2026-08-31,2015-02-28,SMB,Size,-0.1136338524,0.0272382842,156
2026-08-31,2015-02-28,HML,Value,0.0545291732,0.0498693993,156
2026-08-31,2015-02-28,RMW,Profitability,0.1282086404,0.0389843679,156
2026-08-31,2015-02-28,CMA,Investment,-0.0337320528,0.0761764094,156
2026-08-31,2015-02-28,WML,Momentum,-0.0007065673,0.0263123484,156
2026-08-31,2015-03-31,Mkt-RF,Market,0.9912727777,0.0116003912,156
2026-08-31,2015-03-31,SMB,Size,-0.0870032994,0.0311560724,156
2026-08-31,2015-03-31,HML,Value,0.0846330632,0.0482275572,156
2026-08-31,2015-03-31,RMW,Profitability,0.1608485318,0.0422137451,156
2026-08-31,2015-03-31,CMA,Investment,-0.0231143556,0.0788665042,156
2026-08-31,2015-03-31,WML,Momentum,-0.0038544665,0.0279585417,156
2026-08-31,2015-04-30,Mkt-RF,Market,0.9906960932,0.0117822574,157
2026-08-31,2015-04-30,SMB,Size,-0.0918785325,0.0311163588,157
2026-08-31,2015-04-30,HML,Value,0.0799185334,0.0490483438,157
2026-08-31,2015-04-30,RMW,Profitability,0.1562273915,0.0457497482,157
2026-08-31,2015-04-30,CMA,Investment,-0.0342051759,0.0810989008,157
2026-08-31,2015-04-30,WML,Momentum,0.0007461919,0.0291439161,157
2026-08-31,2015-05-31,Mkt-RF,Market,0.9841778226,0.0108674956,156
2026-08-31,2015-05-31,SMB,Size,-0.1010116104,0.0308834583,156
2026-08-31,2015-05-31,HML,Value,0.0994961388,0.0494864102,156
2026-08-31,2015-05-31,RMW,Profitability,0.1628978558,0.0476660016,156
2026-08-31,2015-05-31,CMA,Investment,-0.0523098995,0.0788132416,156
2026-08-31,2015-05-31,WML,Momentum,0.0096421566,0.02915884,156
2026-08-31,2015-06-30,Mkt-RF,Market,0.9822409972,0.0110761241,156
2026-08-31,2015-06-30,SMB,Size,-0.1002574801,0.0306170434,156
2026-08-31,2015-06-30,HML,Value,0.1112327783,0.0535527894,156
2026-08-31,2015-06-30,RMW,Profitability,0.1573093923,0.0490232996,156
2026-08-31,2015-06-30,CMA,Investment,-0.0765270928,0.0767311889,156
2026-08-31,2015-06-30,WML,Momentum,0.0108854126,0.0319714114,156
2026-08-31,2015-07-31,Mkt-RF,Market,0.9849732028,0.01175214,157
2026-08-31,2015-07-31,SMB,Size,-0.0908567587,0.0310526047,157
2026-08-31,2015-07-31,HML,Value,0.130172725,0.0586607081,157
2026-08-31,2015-07-31,RMW,Profitability,0.1432158668,0.0503528827,157
2026-08-31,2015-07-31,CMA,Investment,-0.1025851925,0.0734473463,157
2026-08-31,2015-07-31,WML,Momentum,0.0270587427,0.0358365167,157
2026-08-31,2015-08-31,Mkt-RF,Market,0.9812309376,0.0100100522,156
2026-08-31,2015-08-31,SMB,Size,-0.0796458041,0.0282528168,156
2026-08-31,2015-08-31,HML,Value,0.1181449989,0.0577120584,156
2026-08-31,2015-08-31,RMW,Profitability,0.110203602,0.0528960368,156
2026-08-31,2015-08-31,CMA,Investment,-0.1285931622,0.0689891931,156
2026-08-31,2015-08-31,WML,Momentum,0.0118464613,0.0342418597,156
2026-08-31,2015-09-30,Mkt-RF,Market,0.9860600908,0.0104458759,157
2026-08-31,2015-09-30,SMB,Size,-0.0807594646,0.0279983774,157
2026-08-31,2015-09-30,HML,Value,0.1068857021,0.0570581192,157
2026-08-31,2015-09-30,RMW,Profitability,0.1203594743,0.0506218452,157
2026-08-31,2015-09-30,CMA,Investment,-0.0962499592,0.070370692,157
2026-08-31,2015-09-30,WML,Momentum,0.0053753123,0.0336039608,157
2026-08-31,2015-10-31,Mkt-RF,Market,0.9896816828,0.0110066621,156
2026-08-31,2015-10-31,SMB,Size,-0.0950619805,0.030263787,156
2026-08-31,2015-10-31,HML,Value,0.1124889516,0.0587476924,156
2026-08-31,2015-10-31,RMW,Profitability,0.1208382612,0.0515875981,156
2026-08-31,2015-10-31,CMA,Investment,-0.1196678092,0.0719685534,156
2026-08-31,2015-10-31,WML,Momentum,0.0055045,0.0326746744,156
2026-08-31,2015-11-30,Mkt-RF,Market,0.995647781,0.0116035302,156
2026-08-31,2015-11-30,SMB,Size,-0.0933057784,0.0302242509,156
2026-08-31,2015-11-30,HML,Value,0.1023685135,0.0552094927,156
2026-08-31,2015-11-30,RMW,Profitability,0.1282792325,0.0510548109,156
2026-08-31,2015-11-30,CMA,Investment,-0.1030039676,0.0693198251,156
2026-08-31,2015-11-30,WML,Momentum,-0.0012021731,0.0298688192,156
2026-08-31,2015-12-31,Mkt-RF,Market,0.9941897197,0.0116042837,157
2026-08-31,2015-12-31,SMB,Size,-0.1039520456,0.030040571,157
2026-08-31,2015-12-31,HML,Value,0.0914526941,0.0561506119,157
2026-08-31,2015-12-31,RMW,Profitability,0.1067765335,0.0517211578,157
2026-08-31,2015-12-31,CMA,Investment,-0.093627,0.0695644362,157
2026-08-31,2015-12-31,WML,Momentum,-0.0060939803,0.029829566,157
2026-08-31,2016-01-31,Mkt-RF,Market,0.9933899666,0.0107925053,156
2026-08-31,2016-01-31,SMB,Size,-0.1034186803,0.0300085855,156
2026-08-31,2016-01-31,HML,Value,0.0856989071,0.054159221,156
2026-08-31,2016-01-31,RMW,Profitability,0.0998376673,0.0495078433,156
2026-08-31,2016-01-31,CMA,Investment,-0.063551652,0.0649410919,156
2026-08-31,2016-01-31,WML,Momentum,-0.0052565084,0.0288329723,156
2026-08-31,2016-02-29,Mkt-RF,Market,0.9915235668,0.0104111879,156
2026-08-31,2016-02-29,SMB,Size,-0.1068559101,0.0274740911,156
2026-08-31,2016-02-29,HML,Value,0.0843298805,0.0502479783,156
2026-08-31,2016-02-29,RMW,Profitability,0.0925303617,0.0454505489,156
2026-08-31,2016-02-29,CMA,Investment,-0.0509215927,0.0617646859,156
2026-08-31,2016-02-29,WML,Momentum,-0.0074874995,0.026104033,156
2026-08-31,2016-03-31,Mkt-RF,Market,0.9922134687,0.0104534022,157
2026-08-31,2016-03-31,SMB,Size,-0.0976003416,0.0288238299,157
2026-08-31,2016-03-31,HML,Value,0.0515654925,0.0549253623,157
2026-08-31,2016-03-31,RMW,Profitability,0.0766628519,0.0449232668,157
2026-08-31,2016-03-31,CMA,Investment,0.0005197878,0.0728174829,157
2026-08-31,2016-03-31,WML,Momentum,-0.018884229,0.0257964541,157
2026-08-31,2016-04-30,Mkt-RF,Market,0.9934526475,0.010514733,157
2026-08-31,2016-04-30,SMB,Size,-0.0968445678,0.0294054942,157
2026-08-31,2016-04-30,HML,Value,0.075917578,0.0520713587,157
2026-08-31,2016-04-30,RMW,Profitability,0.0831096183,0.0432708018,157
2026-08-31,2016-04-30,CMA,Investment,-0.0250405558,0.0779813458,157
2026-08-31,2016-04-30,WML,Momentum,-0.0131957724,0.0253570775,157
2026-08-31,2016-05-31,Mkt-RF,Market,0.9894000879,0.0101620532,156
2026-08-31,2016-05-31,SMB,Size,-0.1017677274,0.029375427,156
2026-08-31,2016-05-31,HML,Value,0.0779894421,0.0525900044,156
2026-08-31,2016-05-31,RMW,Profitability,0.0727073746,0.041569002,156
2026-08-31,2016-05-31,CMA,Investment,-0.027765797,0.0803572881,156
2026-08-31,2016-05-31,WML,Momentum,-0.011708312,0.0238188369,156
2026-08-31,2016-06-30,Mkt-RF,Market,0.986824528,0.0101268549,157
2026-08-31,2016-06-30,SMB,Size,-0.1024157381,0.029151225,157
2026-08-31,2016-06-30,HML,Value,0.0550315521,0.0521000691,157
2026-08-31,2016-06-30,RMW,Profitability,0.0734319504,0.0426440265,157
2026-08-31,2016-06-30,CMA,Investment,0.012056639,0.0807532457,157
2026-08-31,2016-06-30,WML,Momentum,-0.013234657,0.0247631935,157
2026-08-31,2016-07-31,Mkt-RF,Market,0.9878795344,0.010226556,156
2026-08-31,2016-07-31,SMB,Size,-0.103421804,0.0294481494,156
2026-08-31,2016-07-31,HML,Value,0.0601795868,0.0528974472,156
2026-08-31,2016-07-31,RMW,Profitability,0.0812958916,0.0420889732,156
2026-08-31,2016-07-31,CMA,Investment,0.0013990538,0.0785783098,156
2026-08-31,2016-07-31,WML,Momentum,-0.0117375579,0.0247671158,156
2026-08-31,2016-08-31,Mkt-RF,Market,0.9859817733,0.0102244922,157
2026-08-31,2016-08-31,SMB,Size,-0.101928191,0.0290813607,157
2026-08-31,2016-08-31,HML,Value,0.0604680667,0.049868492,157
2026-08-31,2016-08-31,RMW,Profitability,0.0852409047,0.0418428774,157
2026-08-31,2016-08-31,CMA,Investment,-0.008630723,0.0757153941,157
2026-08-31,2016-08-31,WML,Momentum,-0.0112605483,0.0242139399,157
2026-08-31,2016-09-30,Mkt-RF,Market,0.9938760581,0.0102988346,157
2026-08-31,2016-09-30,SMB,Size,-0.0968377589,0.02943548,157
2026-08-31,2016-09-30,HML,Value,0.0371100691,0.0457849298,157
2026-08-31,2016-09-30,RMW,Profitability,0.0872599143,0.0422569515,157
2026-08-31,2016-09-30,CMA,Investment,0.0336040801,0.0736560052,157
2026-08-31,2016-09-30,WML,Momentum,-0.0178434294,0.0235508062,157
2026-08-31,2016-10-31,Mkt-RF,Market,0.9940387451,0.0106521224,156
2026-08-31,2016-10-31,SMB,Size,-0.0934156072,0.0294586723,156
2026-08-31,2016-10-31,HML,Value,0.0388409873,0.0455385345,156
2026-08-31,2016-10-31,RMW,Profitability,0.0886677174,0.0423302133,156
2026-08-31,2016-10-31,CMA,Investment,0.0267544064,0.0721456394,156
2026-08-31,2016-10-31,WML,Momentum,-0.0163144328,0.0236720923,156
2026-08-31,2016-11-30,Mkt-RF,Market,0.9989272511,0.0109541269,157
2026-08-31,2016-11-30,SMB,Size,-0.1111483808,0.0326704185,157
2026-08-31,2016-11-30,HML,Value,0.0013325334,0.0489957915,157
2026-08-31,2016-11-30,RMW,Profitability,0.0796776022,0.0387411551,157
2026-08-31,2016-11-30,CMA,Investment,0.0766058425,0.0676206543,157
2026-08-31,2016-11-30,WML,Momentum,-0.0155156249,0.023418712,157
2026-08-31,2016-12-31,Mkt-RF,Market,0.9978098023,0.0111103226,157
2026-08-31,2016-12-31,SMB,Size,-0.1162116708,0.0328071941,157
2026-08-31,2016-12-31,HML,Value,-0.0206659259,0.0486005572,157
2026-08-31,2016-12-31,RMW,Profitability,0.0762800616,0.0385178184,157
2026-08-31,2016-12-31,CMA,Investment,0.0758131846,0.0670707395,157
2026-08-31,2016-12-31,WML,Momentum,-0.0231054323,0.0229503452,157
2026-08-31,2017-01-31,Mkt-RF,Market,0.9952427893,0.0112304057,156
2026-08-31,2017-01-31,SMB,Size,-0.1163517651,0.0328108,156
2026-08-31,2017-01-31,HML,Value,-0.0486965471,0.051137228,156
2026-08-31,2017-01-31,RMW,Profitability,0.0586089452,0.0407217211,156
2026-08-31,2017-01-31,CMA,Investment,0.1122486251,0.0696139071,156
2026-08-31,2017-01-31,WML,Momentum,-0.0347094074,0.0241910449,156
2026-08-31,2017-02-28,Mkt-RF,Market,0.9978114611,0.0118884314,156
2026-08-31,2017-02-28,SMB,Size,-0.1117834501,0.0336233455,156
2026-08-31,2017-02-28,HML,Value,-0.0606194984,0.051543201,156
2026-08-31,2017-02-28,RMW,Profitability,0.0573348726,0.0395657608,156
2026-08-31,2017-02-28,CMA,Investment,0.1294000957,0.0692285433,156
2026-08-31,2017-02-28,WML,Momentum,-0.0377880742,0.0242878131,156
2026-08-31,2017-03-31,Mkt-RF,Market,0.995422229,0.0121014206,157
2026-08-31,2017-03-31,SMB,Size,-0.1109868026,0.0335295194,157
2026-08-31,2017-03-31,HML,Value,-0.0621204987,0.0496094958,157
2026-08-31,2017-03-31,RMW,Profitability,0.0719502288,0.0419879979,157
2026-08-31,2017-03-31,CMA,Investment,0.127776348,0.0673062566,157
2026-08-31,2017-03-31,WML,Momentum,-0.0438693844,0.0243725425,157
2026-08-31,2017-04-30,Mkt-RF,Market,0.9940203914,0.0123446727,156
2026-08-31,2017-04-30,SMB,Size,-0.113865893,0.0345088122,156
2026-08-31,2017-04-30,HML,Value,-0.0599885201,0.0472285577,156
2026-08-31,2017-04-30,RMW,Profitability,0.0772202131,0.0458913095,156
2026-08-31,2017-04-30,CMA,Investment,0.1197001216,0.0660026154,156
2026-08-31,2017-04-30,WML,Momentum,-0.0437911131,0.0232529029,156
2026-08-31,2017-05-31,Mkt-RF,Market,0.9922261848,0.012534978,157
2026-08-31,2017-05-31,SMB,Size,-0.1109165554,0.036008581,157
2026-08-31,2017-05-31,HML,Value,-0.0574670711,0.0462570601,157
2026-08-31,2017-05-31,RMW,Profitability,0.0803611875,0.0446620074,157
2026-08-31,2017-05-31,CMA,Investment,0.1107283168,0.0646171535,157
2026-08-31,2017-05-31,WML,Momentum,-0.043871606,0.0232160446,157
2026-08-31,2017-06-30,Mkt-RF,Market,0.9925141481,0.0124785908,157
2026-08-31,2017-06-30,SMB,Size,-0.110954733,0.0360863096,157
2026-08-31,2017-06-30,HML,Value,-0.050585365,0.0456719945,157
2026-08-31,2017-06-30,RMW,Profitability,0.081795417,0.0449630918,157
2026-08-31,2017-06-30,CMA,Investment,0.1115023601,0.0646749056,157
2026-08-31,2017-06-30,WML,Momentum,-0.0418920926,0.0229993435,157
2026-08-31,2017-07-31,Mkt-RF,Market,0.9941631512,0.012501886,156
2026-08-31,2017-07-31,SMB,Size,-0.1066472067,0.0367969384,156
2026-08-31,2017-07-31,HML,Value,-0.0538694162,0.0458500971,156
2026-08-31,2017-07-31,RMW,Profitability,0.0800457374,0.0466648793,156
2026-08-31,2017-07-31,CMA,Investment,0.1151108095,0.0645056155,156
2026-08-31,2017-07-31,WML,Momentum,-0.0417178575,0.0225049769,156
2026-08-31,2017-08-31,Mkt-RF,Market,0.9924236485,0.0129381726,157
2026-08-31,2017-08-31,SMB,Size,-0.1050018914,0.0367557638,157
2026-08-31,2017-08-31,HML,Value,-0.0462665033,0.04616069,157
2026-08-31,2017-08-31,RMW,Profitability,0.0726427532,0.0465945995,157
2026-08-31,2017-08-31,CMA,Investment,0.1098100668,0.0642324193,157
2026-08-31,2017-08-31,WML,Momentum,-0.0388173113,0.022564852,157
2026-08-31,2017-09-30,Mkt-RF,Market,0.9926393145,0.0128702763,157
2026-08-31,2017-09-30,SMB,Size,-0.1092218932,0.0374379353,157
2026-08-31,2017-09-30,HML,Value,-0.0495986341,0.0454342714,157
2026-08-31,2017-09-30,RMW,Profitability,0.0741788651,0.0462759206,157
2026-08-31,2017-09-30,CMA,Investment,0.1045727904,0.0613708585,157
2026-08-31,2017-09-30,WML,Momentum,-0.037856574,0.0222410941,157
2026-08-31,2017-10-31,Mkt-RF,Market,0.991114215,0.0146117199,156
2026-08-31,2017-10-31,SMB,Size,-0.1124652588,0.0400584433,156
2026-08-31,2017-10-31,HML,Value,-0.0322547662,0.0452785038,156
2026-08-31,2017-10-31,RMW,Profitability,0.0846768518,0.0455078998,156
2026-08-31,2017-10-31,CMA,Investment,0.084074633,0.0605500818,156
2026-08-31,2017-10-31,WML,Momentum,-0.0320299437,0.0240326874,156
2026-08-31,2017-11-30,Mkt-RF,Market,0.9940047648,0.0145279131,157
2026-08-31,2017-11-30,SMB,Size,-0.1245425728,0.0384422261,157
2026-08-31,2017-11-30,HML,Value,-0.0371102207,0.0454137868,157
2026-08-31,2017-11-30,RMW,Profitability,0.081748442,0.0447355453,157
2026-08-31,2017-11-30,CMA,Investment,0.0906462987,0.0586094222,157
2026-08-31,2017-11-30,WML,Momentum,-0.0286980363,0.0235463105,157
2026-08-31,2017-12-31,Mkt-RF,Market,0.9961898511,0.0150471229,156
2026-08-31,2017-12-31,SMB,Size,-0.1194964355,0.0417692095,156
2026-08-31,2017-12-31,HML,Value,-0.0470202525,0.0466778254,156
2026-08-31,2017-12-31,RMW,Profitability,0.0652123528,0.0447522438,156
2026-08-31,2017-12-31,CMA,Investment,0.1092763139,0.0592492961,156
2026-08-31,2017-12-31,WML,Momentum,-0.0252203709,0.0235827464,156
2026-08-31,2018-01-31,Mkt-RF,Market,0.9971307889,0.0148751912,157
2026-08-31,2018-01-31,SMB,Size,-0.1205547801,0.0442189398,157
2026-08-31,2018-01-31,HML,Value,-0.0542942828,0.0474138063,157
2026-08-31,2018-01-31,RMW,Profitability,0.0538012142,0.0453009638,157
2026-08-31,2018-01-31,CMA,Investment,0.1137150236,0.0601327753,157
2026-08-31,2018-01-31,WML,Momentum,-0.0269611841,0.0231077649,157
2026-08-31,2018-02-28,Mkt-RF,Market,1.005107505,0.014980042,157
2026-08-31,2018-02-28,SMB,Size,-0.1156103065,0.0442005494,157
2026-08-31,2018-02-28,HML,Value,-0.0527956891,0.0472541611,157
2026-08-31,2018-02-28,RMW,Profitability,0.064142164,0.0469090642,157
2026-08-31,2018-02-28,CMA,Investment,0.1091843805,0.0577664796,157
2026-08-31,2018-02-28,WML,Momentum,-0.0271319631,0.0227797329,157
2026-08-31,2018-03-31,Mkt-RF,Market,1.014853993,0.0139188776,157
2026-08-31,2018-03-31,SMB,Size,-0.1385380298,0.0386601131,157
2026-08-31,2018-03-31,HML,Value,-0.061522748,0.0471775274,157
2026-08-31,2018-03-31,RMW,Profitability,0.0549164438,0.0443633079,157
2026-08-31,2018-03-31,CMA,Investment,0.1134957161,0.055759558,157
2026-08-31,2018-03-31,WML,Momentum,-0.0177027994,0.0203163118,157
2026-08-31,2018-04-30,Mkt-RF,Market,1.014665276,0.0134868015,156
2026-08-31,2018-04-30,SMB,Size,-0.1312597109,0.0391036154,156
2026-08-31,2018-04-30,HML,Value,-0.0689425388,0.0476933238,156
2026-08-31,2018-04-30,RMW,Profitability,0.0507278079,0.04249911,156
2026-08-31,2018-04-30,CMA,Investment,0.1223225202,0.0549879279,156
2026-08-31,2018-04-30,WML,Momentum,-0.0215248285,0.0202457631,156
2026-08-31,2018-05-31,Mkt-RF,Market,1.014651659,0.0134651624,157
2026-08-31,2018-05-31,SMB,Size,-0.1304050796,0.0391564341,157
2026-08-31,2018-05-31,HML,Value,-0.0675089002,0.0474620054,157
2026-08-31,2018-05-31,RMW,Profitability,0.0457484714,0.0421287474,157
2026-08-31,2018-05-31,CMA,Investment,0.1229145441,0.0549945813,157
2026-08-31,2018-05-31,WML,Momentum,-0.0189015891,0.0201724176,157
2026-08-31,2018-06-30,Mkt-RF,Market,1.015965236,0.0133461959,157
2026-08-31,2018-06-30,SMB,Size,-0.1235790571,0.0407662749,157
2026-08-31,2018-06-30,HML,Value,-0.0663079219,0.0471785555,157
2026-08-31,2018-06-30,RMW,Profitability,0.0453361736,0.0420920823,157
2026-08-31,2018-06-30,CMA,Investment,0.1211260776,0.0537076763,157
2026-08-31,2018-06-30,WML,Momentum,-0.0158824624,0.0199770732,157
2026-08-31,2018-07-31,Mkt-RF,Market,1.013532837,0.0135527275,156
2026-08-31,2018-07-31,SMB,Size,-0.1464457485,0.0353786545,156
2026-08-31,2018-07-31,HML,Value,-0.0776107686,0.0456940542,156
2026-08-31,2018-07-31,RMW,Profitability,0.0610690043,0.0409244829,156
2026-08-31,2018-07-31,CMA,Investment,0.1458481496,0.0533556127,156
2026-08-31,2018-07-31,WML,Momentum,-0.0289480839,0.019157459,156
2026-08-31,2018-08-31,Mkt-RF,Market,1.02304273,0.0138798341,157
2026-08-31,2018-08-31,SMB,Size,-0.1476851589,0.0338988301,157
2026-08-31,2018-08-31,HML,Value,-0.0819894277,0.0471196797,157
2026-08-31,2018-08-31,RMW,Profitability,0.0583911157,0.0414001744,157
2026-08-31,2018-08-31,CMA,Investment,0.1710367195,0.0545241782,157
2026-08-31,2018-08-31,WML,Momentum,-0.0238089762,0.0189268761,157
2026-08-31,2018-09-30,Mkt-RF,Market,1.022786073,0.0142579279,156
2026-08-31,2018-09-30,SMB,Size,-0.1403120609,0.0361937976,156
2026-08-31,2018-09-30,HML,Value,-0.0758845807,0.0481850735,156
2026-08-31,2018-09-30,RMW,Profitability,0.0565856499,0.0424219072,156
2026-08-31,2018-09-30,CMA,Investment,0.1613467757,0.0566194617,156
2026-08-31,2018-09-30,WML,Momentum,-0.0228902594,0.0193577272,156
2026-08-31,2018-10-31,Mkt-RF,Market,1.015798292,0.0131126706,157
2026-08-31,2018-10-31,SMB,Size,-0.1328638739,0.0347700091,157
2026-08-31,2018-10-31,HML,Value,-0.0811867631,0.048495451,157
2026-08-31,2018-10-31,RMW,Profitability,0.0557808294,0.0432822432,157
2026-08-31,2018-10-31,CMA,Investment,0.15898067,0.0570297158,157
2026-08-31,2018-10-31,WML,Momentum,-0.0243769394,0.018989723,157
2026-08-31,2018-11-30,Mkt-RF,Market,1.012016262,0.0124122702,157
2026-08-31,2018-11-30,SMB,Size,-0.1262731803,0.0359321843,157
2026-08-31,2018-11-30,HML,Value,-0.0898007058,0.0494172666,157
2026-08-31,2018-11-30,RMW,Profitability,0.0247194778,0.0430740637,157
2026-08-31,2018-11-30,CMA,Investment,0.1573947514,0.0563744667,157
2026-08-31,2018-11-30,WML,Momentum,-0.0213451099,0.0197064997,157
2026-08-31,2018-12-31,Mkt-RF,Market,1.026619191,0.0200857708,156
2026-08-31,2018-12-31,SMB,Size,-0.0880645004,0.0455330376,156
2026-08-31,2018-12-31,HML,Value,-0.1222944178,0.0595698094,156
2026-08-31,2018-12-31,RMW,Profitability,0.0494779773,0.0488880941,156
2026-08-31,2018-12-31,CMA,Investment,0.2269739975,0.0927417573,156
2026-08-31,2018-12-31,WML,Momentum,-0.0296604572,0.0224569079,156
2026-08-31,2019-01-31,Mkt-RF,Market,1.031765273,0.022842605,157
2026-08-31,2019-01-31,SMB,Size,-0.0505179954,0.0684127106,157
2026-08-31,2019-01-31,HML,Value,-0.1288485326,0.0620861361,157
2026-08-31,2019-01-31,RMW,Profitability,0.0537545775,0.0525240986,157
2026-08-31,2019-01-31,CMA,Investment,0.2414765497,0.0995458796,157
2026-08-31,2019-01-31,WML,Momentum,-0.0379973089,0.0244782865,157
2026-08-31,2019-02-28,Mkt-RF,Market,1.036991248,0.0224989676,157
2026-08-31,2019-02-28,SMB,Size,-0.0407020191,0.0738013781,157
2026-08-31,2019-02-28,HML,Value,-0.1399341861,0.0619954261,157
2026-08-31,2019-02-28,RMW,Profitability,0.0686354882,0.0545752969,157
2026-08-31,2019-02-28,CMA,Investment,0.2573372196,0.1038074346,157
2026-08-31,2019-02-28,WML,Momentum,-0.0401824184,0.0242422856,157
2026-08-31,2019-03-31,Mkt-RF,Market,1.04057609,0.0233344976,156
2026-08-31,2019-03-31,SMB,Size,-0.0450900958,0.0754572443,156
2026-08-31,2019-03-31,HML,Value,-0.1214503953,0.0648741672,156
2026-08-31,2019-03-31,RMW,Profitability,0.0823418725,0.0566790676,156
2026-08-31,2019-03-31,CMA,Investment,0.2367705749,0.1077178538,156
2026-08-31,2019-03-31,WML,Momentum,-0.0347587441,0.0241450678,156
2026-08-31,2019-04-30,Mkt-RF,Market,1.036540701,0.0227393988,156
2026-08-31,2019-04-30,SMB,Size,-0.0463084378,0.0734417094,156
2026-08-31,2019-04-30,HML,Value,-0.1676340969,0.0609636792,156
2026-08-31,2019-04-30,RMW,Profitability,0.0434327604,0.0496779212,156
2026-08-31,2019-04-30,CMA,Investment,0.2795658636,0.1057782458,156
2026-08-31,2019-04-30,WML,Momentum,-0.0312346698,0.0237088971,156
2026-08-31,2019-05-31,Mkt-RF,Market,1.041680888,0.0226627857,157
2026-08-31,2019-05-31,SMB,Size,-0.0311979244,0.073916508,157
2026-08-31,2019-05-31,HML,Value,-0.1589552343,0.060831622,157
2026-08-31,2019-05-31,RMW,Profitability,0.0733819022,0.0537809558,157
2026-08-31,2019-05-31,CMA,Investment,0.2783895077,0.1081102841,157
2026-08-31,2019-05-31,WML,Momentum,-0.0310359372,0.0232193298,157
2026-08-31,2019-06-30,Mkt-RF,Market,1.040194872,0.0228164006,156
2026-08-31,2019-06-30,SMB,Size,-0.0340459928,0.078368044,156
2026-08-31,2019-06-30,HML,Value,-0.1491831046,0.0618570219,156
2026-08-31,2019-06-30,RMW,Profitability,0.0648712817,0.0541364849,156
2026-08-31,2019-06-30,CMA,Investment,0.2516427965,0.1105202186,156
2026-08-31,2019-06-30,WML,Momentum,-0.0394066353,0.0244503355,156
2026-08-31,2019-07-31,Mkt-RF,Market,1.033379615,0.0239057825,157
2026-08-31,2019-07-31,SMB,Size,-0.0258721138,0.0806990404,157
2026-08-31,2019-07-31,HML,Value,-0.1481892562,0.0627467723,157
2026-08-31,2019-07-31,RMW,Profitability,0.069282757,0.0560998003,157
2026-08-31,2019-07-31,CMA,Investment,0.2574657876,0.1145486223,157
2026-08-31,2019-07-31,WML,Momentum,-0.0248352834,0.0249738416,157
2026-08-31,2019-08-31,Mkt-RF,Market,1.039694707,0.0232901048,156
2026-08-31,2019-08-31,SMB,Size,-0.0193633126,0.0798423228,156
2026-08-31,2019-08-31,HML,Value,-0.1480698634,0.0641327687,156
2026-08-31,2019-08-31,RMW,Profitability,0.0916559988,0.0572535615,156
2026-08-31,2019-08-31,CMA,Investment,0.2656777971,0.118045022,156
2026-08-31,2019-08-31,WML,Momentum,-0.0295453134,0.0241546618,156
2026-08-31,2019-09-30,Mkt-RF,Market,1.038937184,0.0254928895,156
2026-08-31,2019-09-30,SMB,Size,-0.0199802897,0.0811373039,156
2026-08-31,2019-09-30,HML,Value,-0.1513712306,0.0660453895,156
2026-08-31,2019-09-30,RMW,Profitability,0.0858621148,0.0561633102,156
2026-08-31,2019-09-30,CMA,Investment,0.2661989531,0.1265080857,156
2026-08-31,2019-09-30,WML,Momentum,-0.0259540142,0.0203851141,156
2026-08-31,2019-10-31,Mkt-RF,Market,1.040052574,0.0254938191,157
2026-08-31,2019-10-31,SMB,Size,-0.0145766305,0.0780536341,157
2026-08-31,2019-10-31,HML,Value,-0.1608549192,0.0669414477,157
2026-08-31,2019-10-31,RMW,Profitability,0.085159603,0.0552603287,157
2026-08-31,2019-10-31,CMA,Investment,0.2731082397,0.1263512426,157
2026-08-31,2019-10-31,WML,Momentum,-0.0271497902,0.0207108287,157
2026-08-31,2019-11-30,Mkt-RF,Market,1.033020505,0.0256909801,156
2026-08-31,2019-11-30,SMB,Size,0.0122599572,0.0781631763,156
2026-08-31,2019-11-30,HML,Value,-0.1267409149,0.0669452661,156
2026-08-31,2019-11-30,RMW,Profitability,0.0735924621,0.0567591709,156
2026-08-31,2019-11-30,CMA,Investment,0.2096277221,0.1232296994,156
2026-08-31,2019-11-30,WML,Momentum,-0.0312125857,0.0235457376,156
2026-08-31,2019-12-31,Mkt-RF,Market,1.035233422,0.0255698119,156
2026-08-31,2019-12-31,SMB,Size,0.0182769691,0.0776374775,156
2026-08-31,2019-12-31,HML,Value,-0.1009107244,0.067941438,156
2026-08-31,2019-12-31,RMW,Profitability,0.0803582974,0.0554062638,156
2026-08-31,2019-12-31,CMA,Investment,0.1890629242,0.121593571,156
2026-08-31,2019-12-31,WML,Momentum,-0.0242631216,0.0243219087,156
2026-08-31,2020-01-31,Mkt-RF,Market,1.037125347,0.0251211958,157
2026-08-31,2020-01-31,SMB,Size,0.0260971307,0.0729393099,157
2026-08-31,2020-01-31,HML,Value,-0.0625191474,0.0580163039,157
2026-08-31,2020-01-31,RMW,Profitability,0.0859112085,0.0507021139,157
2026-08-31,2020-01-31,CMA,Investment,0.148248286,0.1145003709,157
2026-08-31,2020-01-31,WML,Momentum,-0.0072008015,0.0181496516,157
2026-08-31,2020-02-29,Mkt-RF,Market,1.028113434,0.0237172958,157
2026-08-31,2020-02-29,SMB,Size,0.0291651461,0.0716979006,157
2026-08-31,2020-02-29,HML,Value,-0.0511000704,0.0590023342,157
2026-08-31,2020-02-29,RMW,Profitability,0.0653099491,0.0450431667,157
2026-08-31,2020-02-29,CMA,Investment,0.1225450121,0.1103226787,157
2026-08-31,2020-02-29,WML,Momentum,-0.0028905337,0.0179499411,157
2026-08-31,2020-03-31,Mkt-RF,Market,1.025163459,0.0199415704,156
2026-08-31,2020-03-31,SMB,Size,0.011119133,0.0575620701,156
2026-08-31,2020-03-31,HML,Value,-0.0962859399,0.0754305758,156
2026-08-31,2020-03-31,RMW,Profitability,0.0673204847,0.0429289284,156
2026-08-31,2020-03-31,CMA,Investment,0.2038746961,0.1298903739,156
2026-08-31,2020-03-31,WML,Momentum,0.0003429274,0.0190371235,156
2026-08-31,2020-04-30,Mkt-RF,Market,1.025243698,0.0177581049,157
2026-08-31,2020-04-30,SMB,Size,-0.0107838273,0.0534690543,157
2026-08-31,2020-04-30,HML,Value,-0.0843099874,0.0669517685,157
2026-08-31,2020-04-30,RMW,Profitability,0.059891206,0.0415968874,157
2026-08-31,2020-04-30,CMA,Investment,0.2046390533,0.1160967881,157
2026-08-31,2020-04-30,WML,Momentum,0.0107862424,0.0193129311,157
2026-08-31,2020-05-31,Mkt-RF,Market,1.028342316,0.018261814,156
2026-08-31,2020-05-31,SMB,Size,-0.0189051926,0.0506862515,156
2026-08-31,2020-05-31,HML,Value,-0.090279721,0.0661678878,156
2026-08-31,2020-05-31,RMW,Profitability,0.0462132269,0.0426516492,156
2026-08-31,2020-05-31,CMA,Investment,0.2260770812,0.1165558261,156
2026-08-31,2020-05-31,WML,Momentum,0.0189772083,0.0191255451,156
2026-08-31,2020-06-30,Mkt-RF,Market,1.028792495,0.0171014661,156
2026-08-31,2020-06-30,SMB,Size,-0.0149764905,0.0510741518,156
2026-08-31,2020-06-30,HML,Value,-0.0963855678,0.0638253032,156
2026-08-31,2020-06-30,RMW,Profitability,0.0470152733,0.0433554479,156
2026-08-31,2020-06-30,CMA,Investment,0.2252621979,0.1113804416,156
2026-08-31,2020-06-30,WML,Momentum,0.0194217528,0.0178680791,156
2026-08-31,2020-07-31,Mkt-RF,Market,1.026750381,0.0167377061,157
2026-08-31,2020-07-31,SMB,Size,-0.0139055147,0.0513852276,157
2026-08-31,2020-07-31,HML,Value,-0.0966613934,0.064544207,157
2026-08-31,2020-07-31,RMW,Profitability,0.0347513602,0.0441998294,157
2026-08-31,2020-07-31,CMA,Investment,0.2081395738,0.1085347954,157
2026-08-31,2020-07-31,WML,Momentum,0.0194717449,0.0179351734,157
2026-08-31,2020-08-31,Mkt-RF,Market,1.025132099,0.0159189921,156
2026-08-31,2020-08-31,SMB,Size,-0.0149569625,0.0496891474,156
2026-08-31,2020-08-31,HML,Value,-0.100988625,0.0626559657,156
2026-08-31,2020-08-31,RMW,Profitability,0.0226205535,0.0450158399,156
2026-08-31,2020-08-31,CMA,Investment,0.1946963789,0.1019381493,156
2026-08-31,2020-08-31,WML,Momentum,0.0172178764,0.0177462222,156
2026-08-31,2020-09-30,Mkt-RF,Market,1.023230993,0.0154813202,157
2026-08-31,2020-09-30,SMB,Size,-0.0095951174,0.0477417188,157
2026-08-31,2020-09-30,HML,Value,-0.1020571211,0.0613675103,157
2026-08-31,2020-09-30,RMW,Profitability,0.0124498602,0.0442656557,157
2026-08-31,2020-09-30,CMA,Investment,0.1932681273,0.1012409057,157
2026-08-31,2020-09-30,WML,Momentum,0.0144456253,0.0170510777,157
2026-08-31,2020-10-31,Mkt-RF,Market,1.019419681,0.0152468337,157
2026-08-31,2020-10-31,SMB,Size,-0.0084690469,0.0486986431,157
2026-08-31,2020-10-31,HML,Value,-0.0973561016,0.0640398116,157
2026-08-31,2020-10-31,RMW,Profitability,0.0049119804,0.0417189403,157
2026-08-31,2020-10-31,CMA,Investment,0.1814934852,0.102121435,157
2026-08-31,2020-10-31,WML,Momentum,0.0141268062,0.0179374092,157
2026-08-31,2020-11-30,Mkt-RF,Market,1.019114566,0.0156100692,156
2026-08-31,2020-11-30,SMB,Size,0.0013680326,0.0498879853,156
2026-08-31,2020-11-30,HML,Value,-0.1023311788,0.0635959476,156
2026-08-31,2020-11-30,RMW,Profitability,0.0136884781,0.0405203782,156
2026-08-31,2020-11-30,CMA,Investment,0.1910548071,0.1015292268,156
2026-08-31,2020-11-30,WML,Momentum,0.0154496524,0.0154310339,156
2026-08-31,2020-12-31,Mkt-RF,Market,1.017814698,0.0154934801,157
2026-08-31,2020-12-31,SMB,Size,-0.007078588,0.0483726139,157
2026-08-31,2020-12-31,HML,Value,-0.091259654,0.0623458238,157
2026-08-31,2020-12-31,RMW,Profitability,0.0283997415,0.0395309402,157
2026-08-31,2020-12-31,CMA,Investment,0.1830592166,0.0988908287,157
2026-08-31,2020-12-31,WML,Momentum,0.0154399545,0.0157281032,157
2026-08-31,2021-01-31,Mkt-RF,Market,1.014812164,0.0146191439,156
2026-08-31,2021-01-31,SMB,Size,-0.0186023122,0.0453182357,156
2026-08-31,2021-01-31,HML,Value,-0.0762444148,0.056895255,156
2026-08-31,2021-01-31,RMW,Profitability,0.0015836319,0.0409883305,156
2026-08-31,2021-01-31,CMA,Investment,0.1417631168,0.0873030373,156
2026-08-31,2021-01-31,WML,Momentum,0.0155733468,0.0156638874,156
2026-08-31,2021-02-28,Mkt-RF,Market,1.012375922,0.0139175326,156
2026-08-31,2021-02-28,SMB,Size,-0.0254907371,0.0438336942,156
2026-08-31,2021-02-28,HML,Value,-0.0831286499,0.0513495505,156
2026-08-31,2021-02-28,RMW,Profitability,-0.0221877411,0.0406527503,156
2026-08-31,2021-02-28,CMA,Investment,0.1227164386,0.0781081045,156
2026-08-31,2021-02-28,WML,Momentum,0.009559914,0.0150537827,156
2026-08-31,2021-03-31,Mkt-RF,Market,1.005579367,0.014279137,157
2026-08-31,2021-03-31,SMB,Size,-0.0301302216,0.0446980578,157
2026-08-31,2021-03-31,HML,Value,-0.0853952897,0.0515853559,157
2026-08-31,2021-03-31,RMW,Profitability,-0.0211708405,0.0387025061,157
2026-08-31,2021-03-31,CMA,Investment,0.1018308744,0.0781428425,157
2026-08-31,2021-03-31,WML,Momentum,-0.0018321082,0.0208934635,157
2026-08-31,2021-04-30,Mkt-RF,Market,1.005990612,0.0144741449,157
2026-08-31,2021-04-30,SMB,Size,-0.0336447185,0.0447623111,157
2026-08-31,2021-04-30,HML,Value,-0.081584873,0.0510493239,157
2026-08-31,2021-04-30,RMW,Profitability,-0.0208469498,0.0394212776,157
2026-08-31,2021-04-30,CMA,Investment,0.105123047,0.0777129344,157
2026-08-31,2021-04-30,WML,Momentum,0.0007133889,0.0201231396,157
2026-08-31,2021-05-31,Mkt-RF,Market,1.005937043,0.0146754278,156
2026-08-31,2021-05-31,SMB,Size,-0.0353883667,0.0448498126,156
2026-08-31,2021-05-31,HML,Value,-0.0788635913,0.0496814167,156
2026-08-31,2021-05-31,RMW,Profitability,-0.0167711501,0.0364882099,156
2026-08-31,2021-05-31,CMA,Investment,0.1119283581,0.0799566895,156
2026-08-31,2021-05-31,WML,Momentum,0.0023269992,0.0188429159,156
2026-08-31,2021-06-30,Mkt-RF,Market,1.004133882,0.0146187662,157
2026-08-31,2021-06-30,SMB,Size,-0.0372119293,0.0446564703,157
2026-08-31,2021-06-30,HML,Value,-0.0760333549,0.0486487705,157
2026-08-31,2021-06-30,RMW,Profitability,-0.0192251752,0.036412238,157
2026-08-31,2021-06-30,CMA,Investment,0.1054040278,0.078741154,157
2026-08-31,2021-06-30,WML,Momentum,0.0014170123,0.0170990087,157
2026-08-31,2021-07-31,Mkt-RF,Market,1.003860811,0.0142018354,157
2026-08-31,2021-07-31,SMB,Size,-0.03135764,0.0449964775,157
2026-08-31,2021-07-31,HML,Value,-0.076744369,0.0483855411,157
2026-08-31,2021-07-31,RMW,Profitability,-0.013239225,0.0329352815,157
2026-08-31,2021-07-31,CMA,Investment,0.1083504468,0.0780791179,157
2026-08-31,2021-07-31,WML,Momentum,0.0017138179,0.0166928233,157
2026-08-31,2021-08-31,Mkt-RF,Market,1.001782926,0.0143529347,156
2026-08-31,2021-08-31,SMB,Size,-0.0295657924,0.0453548986,156
2026-08-31,2021-08-31,HML,Value,-0.0688400831,0.0479924098,156
2026-08-31,2021-08-31,RMW,Profitability,0.0078246825,0.0337778839,156
2026-08-31,2021-08-31,CMA,Investment,0.0917452798,0.0788128673,156
2026-08-31,2021-08-31,WML,Momentum,0.0027225633,0.0157401858,156
2026-08-31,2021-09-30,Mkt-RF,Market,1.001370987,0.0142085872,157
2026-08-31,2021-09-30,SMB,Size,-0.0297395085,0.0436363933,157
2026-08-31,2021-09-30,HML,Value,-0.0670223982,0.0454425769,157
2026-08-31,2021-09-30,RMW,Profitability,0.0069671552,0.0333676568,157
2026-08-31,2021-09-30,CMA,Investment,0.0945370047,0.0783066082,157
2026-08-31,2021-09-30,WML,Momentum,0.0047550388,0.0139621928,157
2026-08-31,2021-10-31,Mkt-RF,Market,1.003794084,0.0139434918,156
2026-08-31,2021-10-31,SMB,Size,-0.0271267658,0.0440862447,156
2026-08-31,2021-10-31,HML,Value,-0.0716600391,0.0443917756,156
2026-08-31,2021-10-31,RMW,Profitability,0.0028087345,0.0336039126,156
2026-08-31,2021-10-31,CMA,Investment,0.1017923606,0.0780999411,156
2026-08-31,2021-10-31,WML,Momentum,0.0046524393,0.0135503997,156
2026-08-31,2021-11-30,Mkt-RF,Market,1.002739936,0.0142123627,156
2026-08-31,2021-11-30,SMB,Size,-0.0301740111,0.0434497342,156
2026-08-31,2021-11-30,HML,Value,-0.0618336727,0.0448805868,156
2026-08-31,2021-11-30,RMW,Profitability,0.0268247961,0.0341462866,156
2026-08-31,2021-11-30,CMA,Investment,0.1015742681,0.079388328,156
2026-08-31,2021-11-30,WML,Momentum,0.0086209185,0.0134540623,156
2026-08-31,2021-12-31,Mkt-RF,Market,0.9909546524,0.0088801944,157
2026-08-31,2021-12-31,SMB,Size,-0.0423488975,0.0328411452,157
2026-08-31,2021-12-31,HML,Value,-0.0276488916,0.0253234679,157
2026-08-31,2021-12-31,RMW,Profitability,0.0404470888,0.0335401956,157
2026-08-31,2021-12-31,CMA,Investment,0.0369610283,0.0408242189,157
2026-08-31,2021-12-31,WML,Momentum,0.0111078931,0.0129116467,157
2026-08-31,2022-01-31,Mkt-RF,Market,0.9862384113,0.0092116425,156
2026-08-31,2022-01-31,SMB,Size,-0.0744199235,0.0250314363,156
2026-08-31,2022-01-31,HML,Value,-0.0050376965,0.0193826911,156
2026-08-31,2022-01-31,RMW,Profitability,0.0310477731,0.0338608581,156
2026-08-31,2022-01-31,CMA,Investment,0.0327351835,0.0321737938,156
2026-08-31,2022-01-31,WML,Momentum,0.0224551522,0.0129918977,156
2026-08-31,2022-02-28,Mkt-RF,Market,0.9815670443,0.0100133728,156
2026-08-31,2022-02-28,SMB,Size,-0.0676623051,0.0233034844,156
2026-08-31,2022-02-28,HML,Value,0.004266314,0.020112524,156
2026-08-31,2022-02-28,RMW,Profitability,0.0335437609,0.0303555106,156
2026-08-31,2022-02-28,CMA,Investment,0.0248849208,0.0295802817,156
2026-08-31,2022-02-28,WML,Momentum,0.0245806619,0.0125017518,156
2026-08-31,2022-03-31,Mkt-RF,Market,0.9825038488,0.0108009583,157
2026-08-31,2022-03-31,SMB,Size,-0.0717306527,0.0231109396,157
2026-08-31,2022-03-31,HML,Value,-0.0043025899,0.0234634207,157
2026-08-31,2022-03-31,RMW,Profitability,0.0084167946,0.0363128671,157
2026-08-31,2022-03-31,CMA,Investment,0.0387191403,0.0339045535,157
2026-08-31,2022-03-31,WML,Momentum,0.0236047766,0.012675946,157
2026-08-31,2022-04-30,Mkt-RF,Market,0.9806905891,0.0107556764,157
2026-08-31,2022-04-30,SMB,Size,-0.0668719656,0.0240214804,157
2026-08-31,2022-04-30,HML,Value,-0.0071654501,0.0244620115,157
2026-08-31,2022-04-30,RMW,Profitability,0.0099495848,0.0362518919,157
2026-08-31,2022-04-30,CMA,Investment,0.0309607282,0.0338861793,157
2026-08-31,2022-04-30,WML,Momentum,0.0195310876,0.0132455043,157
2026-08-31,2022-05-31,Mkt-RF,Market,0.9776136658,0.0112472028,156
2026-08-31,2022-05-31,SMB,Size,-0.0603882436,0.0248155815,156
2026-08-31,2022-05-31,HML,Value,-0.004808408,0.023577069,156
2026-08-31,2022-05-31,RMW,Profitability,0.0180575955,0.0344113886,156
2026-08-31,2022-05-31,CMA,Investment,0.0304477092,0.0335833432,156
2026-08-31,2022-05-31,WML,Momentum,0.0213362443,0.0126912871,156
2026-08-31,2022-06-30,Mkt-RF,Market,0.9772923145,0.0105029695,157
2026-08-31,2022-06-30,SMB,Size,-0.0603776344,0.0255133422,157
2026-08-31,2022-06-30,HML,Value,-0.0077756779,0.0216341017,157
2026-08-31,2022-06-30,RMW,Profitability,0.0179282892,0.0334564058,157
2026-08-31,2022-06-30,CMA,Investment,0.0242829215,0.029230759,157
2026-08-31,2022-06-30,WML,Momentum,0.0166148396,0.0128510166,157
2026-08-31,2022-07-31,Mkt-RF,Market,0.9778280928,0.0104596367,156
2026-08-31,2022-07-31,SMB,Size,-0.0627606914,0.0255561847,156
2026-08-31,2022-07-31,HML,Value,-0.0089573114,0.0200068346,156
2026-08-31,2022-07-31,RMW,Profitability,0.0140420934,0.0326858724,156
2026-08-31,2022-07-31,CMA,Investment,0.0289885977,0.0291641445,156
2026-08-31,2022-07-31,WML,Momentum,0.0173327947,0.0107743791,156
2026-08-31,2022-08-31,Mkt-RF,Market,0.9766279223,0.0107189343,157
2026-08-31,2022-08-31,SMB,Size,-0.0605326196,0.0260865409,157
2026-08-31,2022-08-31,HML,Value,-0.0126606342,0.0184955152,157
2026-08-31,2022-08-31,RMW,Profitability,0.0078315096,0.0318010337,157
2026-08-31,2022-08-31,CMA,Investment,0.0369070901,0.0282691991,157
2026-08-31,2022-08-31,WML,Momentum,0.0189216718,0.0099402919,157
2026-08-31,2022-09-30,Mkt-RF,Market,0.9788046991,0.009940861,157
2026-08-31,2022-09-30,SMB,Size,-0.0511881248,0.0248511409,157
2026-08-31,2022-09-30,HML,Value,-0.0149330538,0.0182435875,157
2026-08-31,2022-09-30,RMW,Profitability,0.0106872319,0.0305564939,157
2026-08-31,2022-09-30,CMA,Investment,0.0418165078,0.0289496923,157
2026-08-31,2022-09-30,WML,Momentum,0.0216474163,0.0095449777,157
2026-08-31,2022-10-31,Mkt-RF,Market,0.9779463072,0.0100971934,156
2026-08-31,2022-10-31,SMB,Size,-0.0524951214,0.024980616,156
2026-08-31,2022-10-31,HML,Value,-0.0162702794,0.0178894388,156
2026-08-31,2022-10-31,RMW,Profitability,0.0066858147,0.030696679,156
2026-08-31,2022-10-31,CMA,Investment,0.0437268293,0.0282675558,156
2026-08-31,2022-10-31,WML,Momentum,0.0218101803,0.0095682061,156
2026-08-31,2022-11-30,Mkt-RF,Market,0.9778769214,0.0099634008,157
2026-08-31,2022-11-30,SMB,Size,-0.0494360937,0.0250268148,157
2026-08-31,2022-11-30,HML,Value,-0.0200320437,0.0178541027,157
2026-08-31,2022-11-30,RMW,Profitability,0.0016955712,0.0307217845,157
2026-08-31,2022-11-30,CMA,Investment,0.0456262618,0.0283179469,157
2026-08-31,2022-11-30,WML,Momentum,0.0204206343,0.0093618716,157
2026-08-31,2022-12-31,Mkt-RF,Market,0.9774078857,0.0101203075,157
2026-08-31,2022-12-31,SMB,Size,-0.0435068026,0.0250107443,157
2026-08-31,2022-12-31,HML,Value,-0.0241640756,0.0178841337,157
2026-08-31,2022-12-31,RMW,Profitability,0.0030228125,0.0307911105,157
2026-08-31,2022-12-31,CMA,Investment,0.0513076756,0.0284040569,157
2026-08-31,2022-12-31,WML,Momentum,0.0199066,0.0091862181,157
2026-08-31,2023-01-31,Mkt-RF,Market,0.9768866741,0.0101384875,156
2026-08-31,2023-01-31,SMB,Size,-0.0414208061,0.0254120068,156
2026-08-31,2023-01-31,HML,Value,-0.0231020603,0.0175205835,156
2026-08-31,2023-01-31,RMW,Profitability,0.0049033345,0.0300216515,156
2026-08-31,2023-01-31,CMA,Investment,0.0479068987,0.0281795158,156
2026-08-31,2023-01-31,WML,Momentum,0.0194249671,0.0087601091,156
2026-08-31,2023-02-28,Mkt-RF,Market,0.9768277521,0.0106586159,156
2026-08-31,2023-02-28,SMB,Size,-0.0389747095,0.0256451851,156
2026-08-31,2023-02-28,HML,Value,-0.0250922084,0.0177641989,156
2026-08-31,2023-02-28,RMW,Profitability,0.0056958514,0.0306278202,156
2026-08-31,2023-02-28,CMA,Investment,0.0510007859,0.0288232928,156
2026-08-31,2023-02-28,WML,Momentum,0.0189427567,0.0086927748,156
2026-08-31,2023-03-31,Mkt-RF,Market,0.9634303912,0.0109240584,157
2026-08-31,2023-03-31,SMB,Size,-0.0719975859,0.0261821937,157
2026-08-31,2023-03-31,HML,Value,-0.0355674992,0.0169884346,157
2026-08-31,2023-03-31,RMW,Profitability,-0.0190783649,0.02721222,157
2026-08-31,2023-03-31,CMA,Investment,0.0522941454,0.026293225,157
2026-08-31,2023-03-31,WML,Momentum,0.0084129739,0.0075679299,157
2026-08-31,2023-04-30,Mkt-RF,Market,0.9586120324,0.0108507653,156
2026-08-31,2023-04-30,SMB,Size,-0.0645030962,0.0274101568,156
2026-08-31,2023-04-30,HML,Value,-0.0385157914,0.0181469562,156
2026-08-31,2023-04-30,RMW,Profitability,-0.0248050671,0.0283834325,156
2026-08-31,2023-04-30,CMA,Investment,0.0516014978,0.027114046,156
2026-08-31,2023-04-30,WML,Momentum,0.0074228907,0.0077212627,156
2026-08-31,2023-05-31,Mkt-RF,Market,0.9573994098,0.0107291822,157
2026-08-31,2023-05-31,SMB,Size,-0.0591044922,0.027266796,157
2026-08-31,2023-05-31,HML,Value,-0.0331668076,0.0208102308,157
2026-08-31,2023-05-31,RMW,Profitability,-0.0210160383,0.0311695614,157
2026-08-31,2023-05-31,CMA,Investment,0.0425738027,0.0278797018,157
2026-08-31,2023-05-31,WML,Momentum,0.0057569319,0.0079701823,157
2026-08-31,2023-06-30,Mkt-RF,Market,0.9560532872,0.0105187854,157
2026-08-31,2023-06-30,SMB,Size,-0.056982073,0.0263584842,157
2026-08-31,2023-06-30,HML,Value,-0.0265105147,0.020829702,157
2026-08-31,2023-06-30,RMW,Profitability,-0.0184973296,0.0317103305,157
2026-08-31,2023-06-30,CMA,Investment,0.0324739348,0.0270266925,157
2026-08-31,2023-06-30,WML,Momentum,0.005812682,0.0079224677,157
2026-08-31,2023-07-31,Mkt-RF,Market,0.9548379237,0.0104018878,156
2026-08-31,2023-07-31,SMB,Size,-0.0627643203,0.0262449281,156
2026-08-31,2023-07-31,HML,Value,-0.0228639195,0.021116454,156
2026-08-31,2023-07-31,RMW,Profitability,-0.0171751325,0.0322868803,156
2026-08-31,2023-07-31,CMA,Investment,0.0301667035,0.0267169418,156
2026-08-31,2023-07-31,WML,Momentum,0.0031202743,0.0077266334,156
2026-08-31,2023-08-31,Mkt-RF,Market,0.9556792759,0.0104000393,157
2026-08-31,2023-08-31,SMB,Size,-0.0634552638,0.0263606168,157
2026-08-31,2023-08-31,HML,Value,-0.0186982565,0.0214475143,157
2026-08-31,2023-08-31,RMW,Profitability,-0.014193102,0.0329602921,157
2026-08-31,2023-08-31,CMA,Investment,0.0278405151,0.026137382,157
2026-08-31,2023-08-31,WML,Momentum,0.0011631112,0.0079306699,157
2026-08-31,2023-09-30,Mkt-RF,Market,0.9527295857,0.0103221135,156
2026-08-31,2023-09-30,SMB,Size,-0.0654239704,0.0258306103,156
2026-08-31,2023-09-30,HML,Value,-0.0182316069,0.021465599,156
2026-08-31,2023-09-30,RMW,Profitability,-0.0169486502,0.0324592788,156
2026-08-31,2023-09-30,CMA,Investment,0.0254036603,0.025609826,156
2026-08-31,2023-09-30,WML,Momentum,-0.000283799,0.0083351759,156
2026-08-31,2023-10-31,Mkt-RF,Market,0.9532746714,0.0108637028,156
2026-08-31,2023-10-31,SMB,Size,-0.0668161567,0.0253828782,156
2026-08-31,2023-10-31,HML,Value,-0.010602399,0.0220920736,156
2026-08-31,2023-10-31,RMW,Profitability,-0.0158254849,0.0337894967,156
2026-08-31,2023-10-31,CMA,Investment,0.0165408518,0.0256119043,156
2026-08-31,2023-10-31,WML,Momentum,-0.0006149454,0.008557797,156
2026-08-31,2023-11-30,Mkt-RF,Market,0.9560837111,0.0116688258,157
2026-08-31,2023-11-30,SMB,Size,-0.0686860528,0.02631883,157
2026-08-31,2023-11-30,HML,Value,-0.0113311159,0.0223862065,157
2026-08-31,2023-11-30,RMW,Profitability,-0.0156541612,0.0338432449,157
2026-08-31,2023-11-30,CMA,Investment,0.0169536275,0.0241658036,157
2026-08-31,2023-11-30,WML,Momentum,-0.0013464963,0.0117999208,157
2026-08-31,2023-12-31,Mkt-RF,Market,0.9525432772,0.0121320506,156
2026-08-31,2023-12-31,SMB,Size,-0.0566924187,0.0275586472,156
2026-08-31,2023-12-31,HML,Value,-0.0043935414,0.0244786496,156
2026-08-31,2023-12-31,RMW,Profitability,-0.0041648277,0.0368093561,156
2026-08-31,2023-12-31,CMA,Investment,-0.0012142717,0.0278282648,156
2026-08-31,2023-12-31,WML,Momentum,0.0011097008,0.0124578999,156
2026-08-31,2024-01-31,Mkt-RF,Market,0.9538601711,0.0119357607,157
2026-08-31,2024-01-31,SMB,Size,-0.0540146751,0.0271876483,157
2026-08-31,2024-01-31,HML,Value,-0.001278011,0.0277093256,157
2026-08-31,2024-01-31,RMW,Profitability,0.0095601284,0.0364615126,157
2026-08-31,2024-01-31,CMA,Investment,0.0008247022,0.0293094064,157
2026-08-31,2024-01-31,WML,Momentum,-0.0022958095,0.0126341853,157
2026-08-31,2024-02-29,Mkt-RF,Market,0.9551549047,0.0114764605,157
2026-08-31,2024-02-29,SMB,Size,-0.0563705865,0.0264624171,157
2026-08-31,2024-02-29,HML,Value,0.0137868478,0.026500693,157
2026-08-31,2024-02-29,RMW,Profitability,0.0230493141,0.0348310898,157
2026-08-31,2024-02-29,CMA,Investment,-0.0076009018,0.0315670246,157
2026-08-31,2024-02-29,WML,Momentum,-0.0092275197,0.0094555026,157
2026-08-31,2024-03-31,Mkt-RF,Market,0.9618339569,0.0099627983,156
2026-08-31,2024-03-31,SMB,Size,-0.0472461987,0.0260839413,156
2026-08-31,2024-03-31,HML,Value,0.02331283,0.0273903496,156
2026-08-31,2024-03-31,RMW,Profitability,0.0328017502,0.0359848557,156
2026-08-31,2024-03-31,CMA,Investment,-0.0073728624,0.0321145021,156
2026-08-31,2024-03-31,WML,Momentum,-0.0121789515,0.0099418988,156
2026-08-31,2024-04-30,Mkt-RF,Market,0.9627426068,0.009860349,156
2026-08-31,2024-04-30,SMB,Size,-0.0434366458,0.0263200609,156
2026-08-31,2024-04-30,HML,Value,0.0209145102,0.026744078,156
2026-08-31,2024-04-30,RMW,Profitability,0.0279988728,0.0361199918,156
2026-08-31,2024-04-30,CMA,Investment,-0.0052578203,0.0309047162,156
2026-08-31,2024-04-30,WML,Momentum,-0.0110249458,0.0102203107,156
2026-08-31,2024-05-31,Mkt-RF,Market,0.9636968412,0.0100789044,157
2026-08-31,2024-05-31,SMB,Size,-0.0479870833,0.0266142636,157
2026-08-31,2024-05-31,HML,Value,0.0247737704,0.028359669,157
2026-08-31,2024-05-31,RMW,Profitability,0.0315902315,0.0366050758,157
2026-08-31,2024-05-31,CMA,Investment,-0.0078541222,0.0300037275,157
2026-08-31,2024-05-31,WML,Momentum,-0.0116110247,0.0116701006,157
2026-08-31,2024-06-30,Mkt-RF,Market,0.9642925057,0.0103513329,156
2026-08-31,2024-06-30,SMB,Size,-0.0538541081,0.028040113,156
2026-08-31,2024-06-30,HML,Value,0.0229506316,0.0289793469,156
2026-08-31,2024-06-30,RMW,Profitability,0.0383048551,0.0364354956,156
2026-08-31,2024-06-30,CMA,Investment,-0.0056265008,0.0299614022,156
2026-08-31,2024-06-30,WML,Momentum,-0.0090650614,0.0120046522,156
2026-08-31,2024-07-31,Mkt-RF,Market,0.9639778487,0.0108622607,157
2026-08-31,2024-07-31,SMB,Size,-0.0726148797,0.0278193044,157
2026-08-31,2024-07-31,HML,Value,0.0189114921,0.0285281363,157
2026-08-31,2024-07-31,RMW,Profitability,0.0322656895,0.0377226049,157
2026-08-31,2024-07-31,CMA,Investment,-0.0057423035,0.0293767455,157
2026-08-31,2024-07-31,WML,Momentum,-0.0034952199,0.0123114511,157
2026-08-31,2024-08-31,Mkt-RF,Market,0.9620985223,0.0097655989,157
2026-08-31,2024-08-31,SMB,Size,-0.0781827098,0.028030395,157
2026-08-31,2024-08-31,HML,Value,0.0201418704,0.0261091904,157
2026-08-31,2024-08-31,RMW,Profitability,0.0298006725,0.0377426679,157
2026-08-31,2024-08-31,CMA,Investment,-0.0069910455,0.0253973973,157
2026-08-31,2024-08-31,WML,Momentum,-0.0049384025,0.0107619312,157
2026-08-31,2024-09-30,Mkt-RF,Market,0.9629502721,0.0100035309,156
2026-08-31,2024-09-30,SMB,Size,-0.0856118068,0.0272287237,156
2026-08-31,2024-09-30,HML,Value,0.0153800955,0.024541337,156
2026-08-31,2024-09-30,RMW,Profitability,0.0227397207,0.0358149812,156
2026-08-31,2024-09-30,CMA,Investment,0.0004909138,0.0235910552,156
2026-08-31,2024-09-30,WML,Momentum,-0.0020221817,0.010580702,156
2026-08-31,2024-10-31,Mkt-RF,Market,0.9601506568,0.0096693266,157
2026-08-31,2024-10-31,SMB,Size,-0.0891803324,0.0271626259,157
2026-08-31,2024-10-31,HML,Value,0.0234540771,0.0245010715,157
2026-08-31,2024-10-31,RMW,Profitability,0.0245918495,0.0352817241,157
2026-08-31,2024-10-31,CMA,Investment,-0.0068892085,0.0234440083,157
2026-08-31,2024-10-31,WML,Momentum,-0.0082110935,0.0105536978,157
2026-08-31,2024-11-30,Mkt-RF,Market,0.9605064648,0.0096611976,157
2026-08-31,2024-11-30,SMB,Size,-0.0824392086,0.0270438387,157
2026-08-31,2024-11-30,HML,Value,0.0192923957,0.0246432955,157
2026-08-31,2024-11-30,RMW,Profitability,0.0199914438,0.0348239626,157
2026-08-31,2024-11-30,CMA,Investment,-0.0091642236,0.022852608,157
2026-08-31,2024-11-30,WML,Momentum,-0.0040759209,0.0102057856,157
2026-08-31,2024-12-31,Mkt-RF,Market,0.9583285954,0.0104088677,156
2026-08-31,2024-12-31,SMB,Size,-0.0823711037,0.0280410122,156
2026-08-31,2024-12-31,HML,Value,0.0175343161,0.0241182915,156
2026-08-31,2024-12-31,RMW,Profitability,0.0174157455,0.0374558863,156
2026-08-31,2024-12-31,CMA,Investment,-0.0085505208,0.0223588622,156
2026-08-31,2024-12-31,WML,Momentum,-0.0063032244,0.0103861638,156
2026-08-31,2025-01-31,Mkt-RF,Market,0.960196316,0.0102664481,157
2026-08-31,2025-01-31,SMB,Size,-0.0661445187,0.0280212485,157
2026-08-31,2025-01-31,HML,Value,0.0043377033,0.0232000379,157
2026-08-31,2025-01-31,RMW,Profitability,0.0240483949,0.0366654925,157
2026-08-31,2025-01-31,CMA,Investment,-0.0041072514,0.020548751,157
2026-08-31,2025-01-31,WML,Momentum,-0.0009029796,0.010397526,157
2026-08-31,2025-02-28,Mkt-RF,Market,0.963804438,0.0103330608,157
2026-08-31,2025-02-28,SMB,Size,-0.0700832085,0.0290150348,157
2026-08-31,2025-02-28,HML,Value,0.0037716812,0.0219378985,157
2026-08-31,2025-02-28,RMW,Profitability,0.0291553727,0.0392164616,157
2026-08-31,2025-02-28,CMA,Investment,-0.0013809616,0.0202149466,157
2026-08-31,2025-02-28,WML,Momentum,-0.0011555494,0.0097075583,157
2026-08-31,2025-03-31,Mkt-RF,Market,0.9680445417,0.0100640296,156
2026-08-31,2025-03-31,SMB,Size,-0.0596341207,0.0266054481,156
2026-08-31,2025-03-31,HML,Value,0.0055916749,0.0161373842,156
2026-08-31,2025-03-31,RMW,Profitability,0.0640685794,0.0308161795,156
2026-08-31,2025-03-31,CMA,Investment,3.9879e-06,0.0187540471,156
2026-08-31,2025-03-31,WML,Momentum,-0.0003224485,0.0085484413,156
2026-08-31,2025-04-30,Mkt-RF,Market,0.9802209825,0.0125961901,157
2026-08-31,2025-04-30,SMB,Size,-0.0492290989,0.0239524034,157
2026-08-31,2025-04-30,HML,Value,0.012578851,0.0151438614,157
2026-08-31,2025-04-30,RMW,Profitability,0.0770046904,0.0326797773,157
2026-08-31,2025-04-30,CMA,Investment,0.0190050158,0.0209938595,157
2026-08-31,2025-04-30,WML,Momentum,-0.0010120978,0.0082098217,157
2026-08-31,2025-05-31,Mkt-RF,Market,0.9841288326,0.0127874568,157
2026-08-31,2025-05-31,SMB,Size,-0.0561444082,0.0243546335,157
2026-08-31,2025-05-31,HML,Value,0.0167926809,0.0148323077,157
2026-08-31,2025-05-31,RMW,Profitability,0.0771915169,0.0346612867,157
2026-08-31,2025-05-31,CMA,Investment,0.0178209977,0.0214751616,157
2026-08-31,2025-05-31,WML,Momentum,-0.0022760794,0.0077950749,157
2026-08-31,2025-06-30,Mkt-RF,Market,0.9830407391,0.0139167705,156
2026-08-31,2025-06-30,SMB,Size,-0.0556398602,0.0241891618,156
2026-08-31,2025-06-30,HML,Value,0.019425345,0.0148563136,156
2026-08-31,2025-06-30,RMW,Profitability,0.0760659076,0.0364381653,156
2026-08-31,2025-06-30,CMA,Investment,0.0196544685,0.0227839637,156
2026-08-31,2025-06-30,WML,Momentum,-0.0017393593,0.0077473266,156
2026-08-31,2025-07-31,Mkt-RF,Market,0.981246059,0.0141688644,157
2026-08-31,2025-07-31,SMB,Size,-0.0570930363,0.0236318106,157
2026-08-31,2025-07-31,HML,Value,0.0200433376,0.0157435922,157
2026-08-31,2025-07-31,RMW,Profitability,0.0750880981,0.0362363678,157
2026-08-31,2025-07-31,CMA,Investment,0.0044585429,0.0223528823,157
2026-08-31,2025-07-31,WML,Momentum,0.0022890773,0.0084994979,157
2026-08-31,2025-08-31,Mkt-RF,Market,0.9840733739,0.0147697615,156
2026-08-31,2025-08-31,SMB,Size,-0.06325645,0.0235860241,156
2026-08-31,2025-08-31,HML,Value,0.0214509578,0.0159118966,156
2026-08-31,2025-08-31,RMW,Profitability,0.078492913,0.0384721983,156
2026-08-31,2025-08-31,CMA,Investment,0.0038935581,0.0218964024,156
2026-08-31,2025-08-31,WML,Momentum,-0.000773836,0.0086815451,156
2026-08-31,2025-09-30,Mkt-RF,Market,0.976919808,0.0151093743,156
2026-08-31,2025-09-30,SMB,Size,-0.0731815704,0.0248242614,156
2026-08-31,2025-09-30,HML,Value,0.0164475414,0.0157737051,156
2026-08-31,2025-09-30,RMW,Profitability,0.0562480539,0.0400395636,156
2026-08-31,2025-09-30,CMA,Investment,-0.0019418334,0.0219752705,156
2026-08-31,2025-09-30,WML,Momentum,-0.0014358949,0.0086870316,156
2026-08-31,2025-10-31,Mkt-RF,Market,0.9828304984,0.0148134084,157
2026-08-31,2025-10-31,SMB,Size,-0.075515712,0.0245046555,157
2026-08-31,2025-10-31,HML,Value,0.0223785242,0.0162094079,157
2026-08-31,2025-10-31,RMW,Profitability,0.0697204937,0.0338447092,157
2026-08-31,2025-10-31,CMA,Investment,-0.0105290192,0.0222523049,157
2026-08-31,2025-10-31,WML,Momentum,0.0006741546,0.008867504,157
2026-08-31,2025-11-30,Mkt-RF,Market,0.9872708465,0.0145225385,156
2026-08-31,2025-11-30,SMB,Size,-0.0744370016,0.0238726578,156
2026-08-31,2025-11-30,HML,Value,0.0212410089,0.0151032384,156
2026-08-31,2025-11-30,RMW,Profitability,0.0900702868,0.0339343962,156
2026-08-31,2025-11-30,CMA,Investment,-0.0149827639,0.0236110016,156
2026-08-31,2025-11-30,WML,Momentum,-0.0021298007,0.0095430015,156
2026-08-31,2025-12-31,Mkt-RF,Market,0.9908118461,0.0143755763,157
2026-08-31,2025-12-31,SMB,Size,-0.0786347614,0.0244661675,157
2026-08-31,2025-12-31,HML,Value,0.0224696765,0.0154691794,157
2026-08-31,2025-12-31,RMW,Profitability,0.0919394591,0.0325098168,157
2026-08-31,2025-12-31,CMA,Investment,-0.026224223,0.0230900387,157
2026-08-31,2025-12-31,WML,Momentum,-0.0061257775,0.0097317202,157
2026-08-31,2026-01-31,Mkt-RF,Market,0.9933395815,0.0144158245,157
2026-08-31,2026-01-31,SMB,Size,-0.0732558148,0.0241138456,157
2026-08-31,2026-01-31,HML,Value,0.0229871987,0.0159252877,157
2026-08-31,2026-01-31,RMW,Profitability,0.0919623187,0.0340231497,157
2026-08-31,2026-01-31,CMA,Investment,-0.0230276151,0.0228070324,157
2026-08-31,2026-01-31,WML,Momentum,-0.0005961151,0.0113398155,157
2026-08-31,2026-02-28,Mkt-RF,Market,0.9936649527,0.0141477731,157
2026-08-31,2026-02-28,SMB,Size,-0.0723118115,0.0248765867,157
2026-08-31,2026-02-28,HML,Value,0.0195802038,0.015283459,157
2026-08-31,2026-02-28,RMW,Profitability,0.0843086841,0.0316562244,157
2026-08-31,2026-02-28,CMA,Investment,-0.0353683281,0.0202651125,157
2026-08-31,2026-02-28,WML,Momentum,-0.0031424339,0.0109692895,157
2026-08-31,2026-03-31,Mkt-RF,Market,0.9961521798,0.0139584664,156
2026-08-31,2026-03-31,SMB,Size,-0.0719328627,0.0248934363,156
2026-08-31,2026-03-31,HML,Value,0.024704805,0.0186543266,156
2026-08-31,2026-03-31,RMW,Profitability,0.0933146604,0.0297180196,156
2026-08-31,2026-03-31,CMA,Investment,-0.0362004053,0.0206295092,156
2026-08-31,2026-03-31,WML,Momentum,0.0044665,0.0149454612,156
2026-08-31,2026-04-30,Mkt-RF,Market,0.9984042392,0.0140472238,157
2026-08-31,2026-04-30,SMB,Size,-0.0683750812,0.0242026758,157
2026-08-31,2026-04-30,HML,Value,0.0240539313,0.0187892107,157
2026-08-31,2026-04-30,RMW,Profitability,0.0975464038,0.0289663408,157
2026-08-31,2026-04-30,CMA,Investment,-0.0355443299,0.0201852999,157
2026-08-31,2026-04-30,WML,Momentum,0.0103622788,0.0145521046,157
2026-08-31,2026-05-31,Mkt-RF,Market,0.9974708161,0.0149151143,156
2026-08-31,2026-05-31,SMB,Size,-0.0545843262,0.0248202111,156
2026-08-31,2026-05-31,HML,Value,0.0091021852,0.0193652949,156
2026-08-31,2026-05-31,RMW,Profitability,0.0808795065,0.0308529809,156
2026-08-31,2026-05-31,CMA,Investment,-0.0142975417,0.0233387894,156
2026-08-31,2026-05-31,WML,Momentum,0.0249502294,0.0170712533,156
2026-08-31,2026-06-30,Mkt-RF,Market,0.9960085624,0.0160327944,156
2026-08-31,2026-06-30,SMB,Size,-0.0661641233,0.024839466,156
2026-08-31,2026-06-30,HML,Value,0.0102068685,0.0188722457,156
2026-08-31,2026-06-30,RMW,Profitability,0.0433057664,0.041208115,156
2026-08-31,2026-06-30,CMA,Investment,-0.0075541921,0.0237811446,156
2026-08-31,2026-06-30,WML,Momentum,0.0405823107,0.018838207,156
2026-08-31,2026-07-31,Mkt-RF,Market,0.9950813108,0.0162315506,157
2026-08-31,2026-07-31,SMB,Size,-0.0607426499,0.0231213133,157
2026-08-31,2026-07-31,HML,Value,0.0040927868,0.0179244433,157
2026-08-31,2026-07-31,RMW,Profitability,0.0351747086,0.0345295321,157
2026-08-31,2026-07-31,CMA,Investment,-0.0062937222,0.0248462404,157
2026-08-31,2026-07-31,WML,Momentum,0.0411962893,0.015793878,157
2026-08-31,2026-08-31,Mkt-RF,Market,0.9955772776,0.0166815216,156
2026-08-31,2026-08-31,SMB,Size,-0.0577960798,0.0227821362,156
2026-08-31,2026-08-31,HML,Value,0.0034231259,0.0186395885,156
2026-08-31,2026-08-31,RMW,Profitability,0.040659752,0.0352955388,156
2026-08-31,2026-08-31,CMA,Investment,-0.0192250318,0.0260122537,156
2026-08-31,2026-08-31,WML,Momentum,0.042198363,0.0159587011,156
