as_of,method,factor,factor_name,loading,standard_error,lower,upper,intercept,r_squared,observations,newey_west_lag,window_start,window_end
2026-08-31,weekly,Mkt-RF,Market,0.9955772776,0.0166815216,0.9622142345,1.028940321,0.000106842,0.9840803019,156,4,2023-09-06,2026-08-26
2026-08-31,weekly,SMB,Size,-0.0577960798,0.0227821362,-0.1033603522,-0.0122318073,0.000106842,0.9840803019,156,4,2023-09-06,2026-08-26
2026-08-31,weekly,HML,Value,0.0034231259,0.0186395885,-0.0338560512,0.040702303,0.000106842,0.9840803019,156,4,2023-09-06,2026-08-26
2026-08-31,weekly,RMW,Profitability,0.040659752,0.0352955388,-0.0299313256,0.1112508297,0.000106842,0.9840803019,156,4,2023-09-06,2026-08-26
2026-08-31,weekly,CMA,Investment,-0.0192250318,0.0260122537,-0.0712495392,0.0327994756,0.000106842,0.9840803019,156,4,2023-09-06,2026-08-26
2026-08-31,weekly,WML,Momentum,0.042198363,0.0159587011,0.0102809608,0.0741157652,0.000106842,0.9840803019,156,4,2023-09-06,2026-08-26
2026-08-31,"daily, same and previous day",Mkt-RF,Market,0.9921962857,0.0105235888,0.971149108,1.013243463,1.49781e-05,0.9658012945,760,6,2023-09-01,2026-08-31
2026-08-31,"daily, same and previous day",SMB,Size,-0.0201420643,0.0220765369,-0.0642951381,0.0240110095,1.49781e-05,0.9658012945,760,6,2023-09-01,2026-08-31
2026-08-31,"daily, same and previous day",HML,Value,-0.0047646446,0.0193810642,-0.0435267729,0.0339974837,1.49781e-05,0.9658012945,760,6,2023-09-01,2026-08-31
2026-08-31,"daily, same and previous day",RMW,Profitability,0.0125402086,0.0265264986,-0.0405127887,0.0655932058,1.49781e-05,0.9658012945,760,6,2023-09-01,2026-08-31
2026-08-31,"daily, same and previous day",CMA,Investment,-0.0401581308,0.0214621898,-0.0830825104,0.0027662489,1.49781e-05,0.9658012945,760,6,2023-09-01,2026-08-31
2026-08-31,"daily, same and previous day",WML,Momentum,0.047026275,0.0114953257,0.0240356236,0.0700169264,1.49781e-05,0.9658012945,760,6,2023-09-01,2026-08-31
