as_of,country,share_of_sleeve,share_of_portfolio,holdings_as_of,weights_as_of
2026-10-08,United States,0.6439083096,0.4508498288,2026-10-07,2026-10-08
2026-10-08,Japan,0.0519750714,0.0363917528,2026-10-07,2026-10-08
2026-10-08,Taiwan,0.0353789394,0.0247715219,2026-10-07,2026-10-08
2026-10-08,United Kingdom,0.0287522994,0.0201317005,2026-10-07,2026-10-08
2026-10-08,Canada,0.0282915456,0.0198090913,2026-10-07,2026-10-08
2026-10-08,Korea,0.0254547773,0.0178228512,2026-10-07,2026-10-08
2026-10-08,China,0.0229403377,0.0160622983,2026-10-07,2026-10-08
2026-10-08,France,0.0186462372,0.0130556676,2026-10-07,2026-10-08
2026-10-08,Switzerland,0.0185507369,0.0129888005,2026-10-07,2026-10-08
2026-10-08,Germany,0.0178623858,0.0125068329,2026-10-07,2026-10-08
2026-10-08,Other,0.103307794,0.0723337477,2026-10-07,2026-10-08
2026-10-08,Cash and derivatives,0.0049315657,0.0034529692,2026-10-07,2026-10-08
