as_of,company,share_of_sleeve,share_of_portfolio,holdings_as_of,weights_as_of
2026-10-07,NVIDIA,0.0525,0.03682759568,2026-10-07,2026-10-07
2026-10-07,Apple,0.0474,0.03325005782,2026-10-07,2026-10-07
2026-10-07,Microsoft,0.0357,0.02504276507,2026-10-07,2026-10-07
2026-10-07,Alphabet,0.0353,0.02476217386,2026-10-07,2026-10-07
2026-10-07,Amazon,0.024,0.01683547231,2026-10-07,2026-10-07
2026-10-07,TSMC,0.0192,0.01346837785,2026-10-07,2026-10-07
2026-10-07,Broadcom,0.0162,0.01136394381,2026-10-07,2026-10-07
2026-10-07,Meta Platforms,0.0151,0.010592318,2026-10-07,2026-10-07
2026-10-07,Micron Technology,0.0117,0.008207292753,2026-10-07,2026-10-07
2026-10-07,Tesla,0.0102,0.007155075733,2026-10-07,2026-10-07
