as_of,sector,share_of_sleeve,share_of_portfolio,holdings_as_of,weights_as_of
2026-10-07,Information Technology,0.3343,0.2345040998,2026-10-07,2026-10-07
2026-10-07,Financials,0.1498,0.1050814064,2026-10-07,2026-10-07
2026-10-07,Industrials,0.0983,0.0689552887,2026-10-07,2026-10-07
2026-10-07,Health Care,0.0808,0.0566794235,2026-10-07,2026-10-07
2026-10-07,Consumer Discretionary,0.0799,0.0560480932,2026-10-07,2026-10-07
2026-10-07,Communication Services,0.0776,0.0544346938,2026-10-07,2026-10-07
2026-10-07,Consumer Staples,0.0437,0.0306545892,2026-10-07,2026-10-07
2026-10-07,Energy,0.037,0.0259546865,2026-10-07,2026-10-07
2026-10-07,Materials,0.0324,0.0227278876,2026-10-07,2026-10-07
2026-10-07,Single-market ETFs held by the fund,0.0247,0.0173265069,2026-10-07,2026-10-07
2026-10-07,Utilities,0.0208,0.0145907427,2026-10-07,2026-10-07
2026-10-07,Real Estate,0.014,0.0098206922,2026-10-07,2026-10-07
2026-10-07,Cash and derivatives,0.0046,0.0032267989,2026-10-07,2026-10-07
