as_of,point,estimated_return,estimated_volatility,weight_north_america,weight_europe_and_middle_east,weight_pacific,weight_emerging_markets,weight_bonds_short,weight_bonds_medium,weight_bonds_long,window
2026-10-08,0,-0.0014957601,0.0218094754,0,0,0,0,1,0,0,current
2026-10-08,1,0.0046595164,0.0232571931,0.0416666667,0,0,0,0.9583333333,0,0,current
2026-10-08,2,0.0108147929,0.0260210212,0.0833333333,0,0,0,0.9166666667,0,0,current
2026-10-08,3,0.0169700695,0.0297299746,0.1215222663,0,0,0.0052181196,0.873259614,0,0,current
2026-10-08,4,0.023125346,0.0340699003,0.159478471,0,0,0.0107854334,0.8297360956,0,0,current
2026-10-08,5,0.0292806226,0.038829783,0.1974346757,0,0,0.0163527472,0.7862125771,0,0,current
2026-10-08,6,0.0354358991,0.043873149,0.2353908804,0,0,0.021920061,0.7426890587,0,0,current
2026-10-08,7,0.0415911756,0.0491127436,0.273347085,0,0,0.0274873748,0.6991655402,0,0,current
2026-10-08,8,0.0477464522,0.0544919918,0.3113032897,0,0,0.0330546886,0.6556420217,0,0,current
2026-10-08,9,0.0539017287,0.0599733273,0.3492594944,0,0,0.0386220024,0.6121185033,0,0,current
2026-10-08,10,0.0600570052,0.0655311378,0.387215699,0,0,0.0441893162,0.5685949848,0,0,current
2026-10-08,11,0.0662122818,0.0711475036,0.4251719037,0,0,0.0497566299,0.5250714663,0,0,current
2026-10-08,12,0.0723675583,0.076809581,0.4631281084,0,0,0.0553239437,0.4815479479,0,0,current
2026-10-08,13,0.0785228348,0.0825079597,0.501084313,0,0,0.0608912575,0.4380244294,0,0,current
2026-10-08,14,0.0846781114,0.0882356068,0.5390405177,0,0,0.0664585713,0.394500911,0,0,current
2026-10-08,15,0.0908333879,0.0939871716,0.5769967224,0,0,0.0720258851,0.3509773925,0,0,current
2026-10-08,16,0.0969886645,0.0997585173,0.6149529271,0,0,0.0775931989,0.307453874,0,0,current
2026-10-08,17,0.103143941,0.1055463989,0.6529091317,0,0,0.0831605127,0.2639303556,0,0,current
2026-10-08,18,0.1092992175,0.111348238,0.6908653364,0,0,0.0887278265,0.2204068371,0,0,current
2026-10-08,19,0.1154544941,0.117161961,0.7288215411,0,0,0.0942951403,0.1768833187,0,0,current
2026-10-08,20,0.1216097706,0.1229858825,0.7667777457,0,0,0.0998624541,0.1333598002,0,0,current
2026-10-08,21,0.1277650471,0.1288186195,0.8047339504,0,0,0.1054297679,0.0898362817,0,0,current
2026-10-08,22,0.1339203237,0.1346590263,0.8426901551,0,0,0.1109970817,0.0463127633,0,0,current
2026-10-08,23,0.1400756002,0.1405061466,0.8806463597,0,0,0.1165643954,0.0027892448,0,0,current
2026-10-08,24,0.1462308767,0.1470525413,1,0,0,0,0,0,0,current
2026-10-08,0,0.0337757619,0.0220555398,0.0514960406,0,0,0.0024815392,0.9460224201,0,0,earlier
2026-10-08,1,0.036772764,0.0233969744,0.0987074298,0,0,0,0.8768793009,0.0244132693,0,earlier
2026-10-08,2,0.0397697661,0.0257395757,0.112514182,0,0,0,0.7732866141,0.1141992039,0,earlier
2026-10-08,3,0.0427667682,0.0283517188,0.1263209343,0,0,0,0.6696939272,0.2039851385,0,earlier
2026-10-08,4,0.0457637703,0.0311657024,0.1401276865,0,0,0,0.5661012404,0.2937710732,0,earlier
2026-10-08,5,0.0487607724,0.0341316408,0.1539344387,0,0,0,0.4625085535,0.3835570078,0,earlier
2026-10-08,6,0.0517577745,0.0372132188,0.1677411909,0,0,0,0.3589158666,0.4733429424,0,earlier
2026-10-08,7,0.0547547765,0.0403839727,0.1815479431,0,0,0,0.2553231798,0.5631288771,0,earlier
2026-10-08,8,0.0577517786,0.0436244621,0.1953546954,0,0,0,0.1517304929,0.6529148117,0,earlier
2026-10-08,9,0.0607487807,0.0469202407,0.2091614476,0,0,0,0.0481378061,0.7427007464,0,earlier
2026-10-08,10,0.0637457828,0.0504891627,0.2318168171,0,0,0,0,0.7446006848,0.023582498,earlier
2026-10-08,11,0.0667427849,0.0545379402,0.2496648354,0,0,0,0,0.6758576659,0.0744774988,earlier
2026-10-08,12,0.069739787,0.0588524448,0.2675128536,0,0,0,0,0.6071146469,0.1253724995,earlier
2026-10-08,13,0.0727367891,0.0633784314,0.2853608718,0,0,0,0,0.538371628,0.1762675003,earlier
2026-10-08,14,0.0757337912,0.068073731,0.30320889,0,0,0,0,0.469628609,0.227162501,earlier
2026-10-08,15,0.0787307932,0.0729056383,0.3210569082,0,0,0,0,0.4008855901,0.2780575017,earlier
2026-10-08,16,0.0817277953,0.0778487207,0.3389049264,0,0,0,0,0.3321425711,0.3289525025,earlier
2026-10-08,17,0.0847247974,0.0828830894,0.3567529446,0,0,0,0,0.2633995522,0.3798475032,earlier
2026-10-08,18,0.0877217995,0.0879930774,0.3746009628,0,0,0,0,0.1946565332,0.4307425039,earlier
2026-10-08,19,0.0907188016,0.0931662428,0.392448981,0,0,0,0,0.1259135143,0.4816375047,earlier
2026-10-08,20,0.0937158037,0.0983926212,0.4102969992,0,0,0,0,0.0571704953,0.5325325054,earlier
2026-10-08,21,0.0967128058,0.1037539176,0.4025512722,0,0,0,0,0,0.5974487278,earlier
2026-10-08,22,0.0997098079,0.1130136587,0.2683675148,0,0,0,0,0,0.7316324852,earlier
2026-10-08,23,0.1027068099,0.1271105293,0.1341837574,0,0,0,0,0,0.8658162426,earlier
2026-10-08,24,0.105703812,0.1446370431,0,0,0,0,0,0,1,earlier
